Ruolo,Nome,Squadra,Quotazione,Partite Giocate,Media Voto,Media Fantavoto,Goal Fatti,Goal Subiti,Rigori Parati,Rigori Calciati,Rigori Segnati,Rigori Sbagliati,Assist,Assist da fermo,Amm,Espulsioni,Autogoal,NEW,Mv Pond,Mf Pond,Asf Pond,Ass Pond,Amm Pond,Au Pond,Esp Pond,R+ Pond,R- Pond,Pg Pond,Gf Pond,Gs Pond,Rp Pond,Rc Pond
A,CRISTIANO RONALDO,Juventus,45,31,6.48,8.6,16,0,0,6,5,1,7,0,3,0,0,N,6.480000000000001,8.6,0.0,7.0,3.0,0.0,0.0,5.0,1.0,31.0,16.0,0.0,0.0,6.0
A,PIATEK,Milan,37,37,6.35,8.07,20,0,0,2,2,0,0,0,5,0,0,N,6.35,8.07,0.0,0.0,5.0,0.0,0.0,2.0,0.0,37.0,20.0,0.0,0.0,2.0
A,IMMOBILE,Lazio,36,35,6.04,7.41,11,0,0,4,4,0,6,0,6,0,0,N,6.247272727272727,8.048181818181817,0.0,5.545454545454546,4.636363636363637,0.0,1.0,5.0,1.0,32.72727272727273,14.363636363636363,0.0,0.0,5.363636363636363
A,LUKAKU R,Inter,36,0,0,0,0,0,0,0,0,0,0,0,0,0,0,Y,0.0,0.0,0.0,0.0,0.0,0.0,0.0,0.0,0.0,0.0,0.0,0.0,0.0,0.0
A,ZAPATA D,Atalanta,35,37,6.45,8.35,22,0,0,2,1,1,7,0,5,0,0,N,6.248181818181817,7.668181818181819,0.0,4.545454545454546,3.6363636363636362,0.0,0.0,1.0,1.0,34.09090909090909,15.363636363636363,0.0,0.0,1.7142857142857142
A,QUAGLIARELLA,Sampdoria,33,37,6.43,8.64,17,0,0,10,9,1,7,0,1,0,0,N,6.236363636363635,7.9327272727272735,0.0,5.6,2.0,0.0,0.0,6.636363636363637,1.0,35.72727272727273,13.272727272727273,0.0,0.0,7.545454545454546
A,ICARDI,Inter,31,29,5.88,7.05,6,0,0,6,5,1,4,0,0,0,0,N,6.087272727272727,7.8109090909090915,0.0,3.1818181818181817,1.5,1.0,0.0,4.545454545454546,1.0,31.454545454545453,14.181818181818182,0.0,0.0,5.545454545454546
A,DZEKO,Roma,31,33,6,6.83,9,0,0,0,0,0,5,0,9,0,0,N,6.147272727272727,7.397272727272727,0.0,5.0,6.818181818181818,0.0,1.0,1.3333333333333333,2.0,34.09090909090909,14.090909090909092,0.0,0.0,2.6666666666666665
A,BELOTTI,Torino,31,37,6.19,7.28,10,0,0,6,5,1,1,0,5,0,0,N,6.1909090909090905,7.365454545454545,0.0,2.090909090909091,4.090909090909091,0.0,0.0,4.125,1.7,35.0,12.363636363636363,0.0,0.0,4.545454545454546
A,HIGUAIN,Juventus,29,15,6,6.93,6,0,0,1,0,1,1,0,2,1,0,N,6.217272727272728,7.657272727272726,0.0,2.0,2.272727272727273,0.0,1.0,1.5,1.0,25.90909090909091,14.181818181818182,0.0,0.0,1.5555555555555556
A,INSIGNE,Napoli,29,28,6.07,7.07,9,0,0,2,1,1,5,0,6,1,0,N,6.255454545454546,7.3527272727272734,0.0,7.2727272727272725,4.363636363636363,0.0,1.0,1.2727272727272727,1.0,32.90909090909091,9.818181818181818,0.0,0.0,1.7272727272727273
A,MERTENS,Napoli,29,35,6.31,7.96,15,0,0,1,1,0,8,2,1,0,0,N,6.374545454545454,8.025454545454545,2.0,7.181818181818182,3.272727272727273,0.0,0.0,2.1,1.0,35.45454545454545,15.818181818181818,0.0,0.0,2.6
A,MILIK,Napoli,28,35,6.07,7.53,17,0,0,0,0,0,2,0,4,0,0,N,6.111,7.481999999999999,0.0,2.0,2.8,0.0,0.0,0.0,0.0,23.1,11.0,0.0,0.0,0.0
A,CAPUTO,Sassuolo,27,38,6.08,7.14,13,0,0,6,3,3,3,0,3,0,0,N,6.08,7.139999999999999,0.0,3.0,3.0,0.0,0.0,3.0,3.0,38.0,13.0,0.0,0.0,6.0
C,GOMEZ A,Atalanta,26,35,6.21,7.03,7,0,0,0,0,0,9,1,5,0,0,N,6.353636363636365,7.257272727272726,1.5454545454545454,8.0,4.2727272727272725,0.0,1.0,2.0,1.0,34.72727272727273,7.454545454545454,0.0,0.0,2.6
C,CHIESA,Fiorentina,26,37,6.24,6.73,6,0,0,0,0,0,2,0,4,0,0,N,6.208,6.6850000000000005,0.0,2.6,4.7,0.0,1.0,0.0,0.0,33.7,5.4,0.0,0.0,0.0
A,DYBALA,Juventus,26,27,5.94,6.56,4,0,0,1,1,0,2,0,2,0,0,N,6.238181818181818,7.4772727272727275,2.0,3.090909090909091,1.875,0.0,0.0,2.3636363636363638,2.0,29.545454545454547,9.636363636363637,0.0,0.0,2.909090909090909
A,PETAGNA,SPAL,26,36,6.1,7.32,10,0,0,6,6,0,0,0,8,0,0,N,6.093,6.946000000000001,0.0,4.2,6.2,0.0,0.0,6.0,0.0,33.3,7.2,0.0,0.0,6.0
A,ILICIC,Atalanta,25,31,6.39,7.55,12,0,0,1,0,1,4,2,4,1,0,N,6.338181818181818,7.416363636363636,2.0,5.333333333333333,3.1818181818181817,0.0,1.0,2.5,1.2857142857142858,30.272727272727273,9.181818181818182,0.0,0.0,2.1818181818181817
A,PAVOLETTI,Cagliari,25,32,6.09,7.53,16,0,0,0,0,0,1,0,6,0,0,N,5.989090909090908,7.145454545454545,0.0,1.1666666666666667,5.545454545454546,0.0,1.0,0.0,0.0,28.181818181818183,12.090909090909092,0.0,0.0,0.0
A,MARTINEZ L,Inter,25,22,6.07,6.84,5,0,0,1,1,0,1,0,4,0,0,N,6.07,6.840000000000001,0.0,1.0,4.0,0.0,0.0,1.0,0.0,22.0,5.0,0.0,0.0,1.0
A,SANCHEZ A,Inter,24,0,0,0,0,0,0,0,0,0,0,0,0,0,0,Y,0.0,0.0,0.0,0.0,0.0,0.0,0.0,0.0,0.0,0.0,0.0,0.0,0.0,0.0
C,MILINKOVIC-SAVIC,Lazio,23,31,5.87,6.31,5,0,0,0,0,0,3,0,7,1,0,N,6.116363636363636,6.661818181818182,0.0,3.6,7.2727272727272725,0.0,1.0,0.0,0.0,31.90909090909091,6.363636363636363,0.0,0.0,0.0
A,INGLESE,Parma,23,25,6.14,7.24,7,0,0,2,2,0,2,0,3,0,0,N,6.0181818181818185,7.000909090909091,0.0,2.0,3.0,0.0,0.0,1.625,1.0,28.09090909090909,8.272727272727273,0.0,0.0,1.8
C,DE PAUL,Udinese,22,36,6.17,6.76,6,0,0,6,3,3,3,4,7,0,0,N,6.054,6.544999999999999,3.25,3.2,6.1,0.0,1.0,3.375,3.0,35.1,5.428571428571429,0.0,0.0,5.25
A,MANDZUKIC,Juventus,22,25,6.36,7.6,9,0,0,0,0,0,6,0,4,0,0,N,6.1890909090909085,7.087272727272727,0.0,3.727272727272727,4.0,0.0,1.0,0.0,0.0,28.363636363636363,7.636363636363637,0.0,0.0,0.0
A,RAFAEL LEAO,Milan,22,0,0,0,0,0,0,0,0,0,0,0,0,0,0,Y,0.0,0.0,0.0,0.0,0.0,0.0,0.0,0.0,0.0,0.0,0.0,0.0,0.0,0.0
A,LOZANO,Napoli,22,0,0,0,0,0,0,0,0,0,0,0,0,0,0,Y,0.0,0.0,0.0,0.0,0.0,0.0,0.0,0.0,0.0,0.0,0.0,0.0,0.0,0.0
C,LUIS ALBERTO,Lazio,21,27,5.98,6.48,3,0,0,1,1,0,3,2,5,1,0,N,6.075,6.792,3.5,4.0,5.0,0.0,1.0,1.0,1.0,25.5,4.7,0.0,0.0,1.375
A,PINAMONTI,Genoa,21,25,5.8,6.48,5,0,0,0,0,0,3,0,2,0,0,N,5.875,6.300000000000001,0.0,3.0,2.0,0.0,0.0,0.0,0.0,16.0,5.0,0.0,0.0,0.0
A,CORREA,Lazio,21,34,6.26,6.78,5,0,0,0,0,0,5,0,5,0,0,N,6.183333333333333,6.653333333333333,0.0,5.0,5.0,0.0,1.0,0.0,0.0,32.5,4.666666666666667,0.0,0.0,0.0
A,IAGO FALQUE,Torino,21,25,6.22,7.08,6,0,0,0,0,0,3,1,1,0,0,N,6.149090909090909,7.09090909090909,1.0,4.181818181818182,1.4545454545454546,0.0,0.0,2.0,1.0,29.272727272727273,8.0,0.0,0.0,3.0
C,BERNARDESCHI,Juventus,19,25,6.04,6.26,2,0,0,0,0,0,1,2,5,1,0,N,6.130909090909091,6.681818181818181,2.0,2.4545454545454546,4.818181818181818,0.0,1.0,3.0,1.0,24.545454545454547,3.6363636363636362,0.0,0.0,4.0
C,SUSO,Milan,19,35,6.16,6.87,7,0,0,0,0,0,9,0,8,1,0,N,6.202727272727273,6.897272727272727,1.0,7.8,5.454545454545454,0.0,1.0,0.0,1.0,33.45454545454545,6.636363636363637,0.0,0.0,1.0
C,CALLEJON,Napoli,19,33,6.15,6.71,3,0,0,0,0,0,9,1,1,0,0,N,6.212727272727273,7.063636363636363,1.9,8.363636363636363,2.0,0.0,1.0,0.0,0.0,35.36363636363637,7.2727272727272725,0.0,0.0,0.0
C,UNDER,Roma,19,23,5.96,6.59,3,0,0,0,0,0,5,1,1,0,0,N,6.03125,6.8375,1.0,3.5,1.0,0.0,0.0,0.0,0.0,21.875,4.5,0.0,0.0,0.0
C,RIBERY,Fiorentina,19,0,0,0,0,0,0,0,0,0,0,0,0,0,0,Y,0.0,0.0,0.0,0.0,0.0,0.0,0.0,0.0,0.0,0.0,0.0,0.0,0.0,0.0
A,MURIEL,Atalanta,19,19,6,6.92,6,0,0,0,0,0,0,0,1,0,0,N,6.09375,7.04375,0.0,5.0,2.0,0.0,1.0,4.0,0.0,23.25,6.25,0.0,0.0,4.0
A,GERVINHO,Parma,19,29,6.09,7.24,11,0,0,0,0,0,2,0,3,0,0,N,6.123333333333334,7.3066666666666675,0.0,1.8333333333333333,3.0,0.0,0.0,0.0,0.0,26.5,10.166666666666666,0.0,0.0,0.0
A,BALOTELLI,Brescia,19,0,0,0,0,0,0,0,0,0,0,0,0,0,0,Y,5.8,5.7,1.0,0.0,6.0,0.0,0.0,0.0,1.0,15.0,1.0,0.0,0.0,1.0
P,HANDANOVIC,Inter,18,38,6.18,5.32,0,33,0,0,0,0,0,0,0,0,0,N,6.248181818181817,5.3090909090909095,0.0,0.0,4.333333333333333,1.0,0.0,0.0,0.0,37.63636363636363,0.0,34.81818181818182,1.0,0.0
C,RAMSEY,Juventus,18,0,0,0,0,0,0,0,0,0,0,0,0,0,0,Y,0.0,0.0,0.0,0.0,0.0,0.0,0.0,0.0,0.0,0.0,0.0,0.0,0.0,0.0
A,DESTRO,Bologna,18,9,6.28,7.56,4,0,0,0,0,0,1,0,3,0,0,N,6.029090909090908,7.03909090909091,0.0,1.375,3.727272727272727,0.0,0.0,2.0,1.0,18.727272727272727,6.0,0.0,0.0,1.6666666666666667
A,BERARDI,Sassuolo,18,35,6.1,6.77,7,0,0,1,1,0,2,1,5,1,0,N,5.984545454545454,6.492727272727273,1.0909090909090908,3.0,6.181818181818182,0.0,1.0,1.6363636363636365,1.6666666666666667,30.636363636363637,4.636363636363637,0.0,0.0,2.5454545454545454
P,SZCZESNY,Juventus,17,28,6.14,5.54,0,20,1,0,0,0,0,0,0,0,0,N,6.1499999999999995,5.485454545454545,0.0,0.0,1.0,0.0,0.0,0.0,0.0,27.363636363636363,0.0,21.545454545454547,1.2857142857142858,0.0
C,RUIZ,Napoli,17,27,6.3,6.89,5,0,0,0,0,0,3,0,2,1,0,N,6.3,6.889999999999999,0.0,3.0,2.0,0.0,1.0,0.0,0.0,27.0,5.0,0.0,0.0,0.0
C,VERDI,Napoli,17,18,5.86,6.53,2,0,0,1,1,0,3,0,0,0,0,N,6.091818181818183,6.966363636363636,4.0,3.6,2.5,0.0,0.0,1.4444444444444444,0.0,22.636363636363637,4.2727272727272725,0.0,0.0,1.4444444444444444
A,ORSOLINI,Bologna,17,32,6.19,7.03,8,0,0,0,0,0,2,2,2,0,0,N,6.08875,6.61375,2.0,2.0,2.0,0.0,0.0,0.0,0.0,24.5,8.0,0.0,0.0,0.0
A,DONNARUMMA AL,Brescia,17,0,0,0,0,0,0,0,0,0,0,0,0,0,0,Y,0.0,0.0,0.0,0.0,0.0,0.0,0.0,0.0,0.0,0.0,0.0,0.0,0.0,0.0
A,KOUAME',Genoa,17,38,6.07,6.46,4,0,0,0,0,0,5,0,4,0,0,N,6.07,6.459999999999999,0.0,5.0,4.0,0.0,0.0,0.0,0.0,38.0,4.0,0.0,0.0,0.0
D,GOSENS,Atalanta,16,28,6.18,6.54,3,0,0,0,0,0,2,0,2,0,0,N,6.119999999999999,6.4125000000000005,0.0,1.625,1.625,0.0,0.0,0.0,0.0,25.0,2.25,0.0,0.0,0.0
D,HATEBOER,Atalanta,16,34,6.06,6.57,5,0,0,0,0,0,5,0,5,0,0,N,6.064,6.304,0.0,3.857142857142857,3.8,0.0,0.0,0.0,0.0,27.2,5.0,0.0,0.0,0.0
D,KOLAROV,Roma,16,33,6.06,6.7,5,0,0,3,3,0,1,0,6,1,0,N,6.14625,6.66625,1.0,2.875,4.875,0.0,1.0,3.0,0.0,33.75,3.875,0.0,0.0,3.0
D,IZZO,Torino,16,37,6.23,6.5,4,0,0,0,0,0,1,0,6,0,0,N,6.0618181818181816,6.174545454545455,0.0,1.2857142857142858,4.7272727272727275,2.0,2.0,0.0,0.0,29.363636363636363,2.875,0.0,0.0,0.0
C,NAINGGOLAN,Cagliari,16,28,6.21,6.91,6,0,0,0,0,0,3,0,3,0,0,N,6.25909090909091,6.929090909090909,0.0,4.2727272727272725,4.2727272727272725,0.0,1.0,0.0,0.0,30.90909090909091,6.363636363636363,0.0,0.0,0.0
C,PJANIC,Juventus,16,30,6.12,6.37,2,0,0,0,0,0,2,3,5,1,0,N,6.214545454545455,6.705454545454544,2.8181818181818183,4.0,5.454545454545454,1.0,1.0,1.0,0.0,30.545454545454547,4.0,0.0,0.0,1.0
C,BONAVENTURA,Milan,16,8,6.12,7.25,3,0,0,0,0,0,0,0,0,0,0,N,6.169090909090909,7.028181818181818,3.0,3.25,3.8333333333333335,0.0,0.0,0.0,0.0,18.818181818181817,4.636363636363637,0.0,0.0,0.0
C,ZIELINSKI,Napoli,16,36,6.15,6.62,6,0,0,0,0,0,2,0,6,0,0,N,6.184545454545455,6.628181818181818,1.0,2.5454545454545454,4.7272727272727275,0.0,1.0,0.0,0.0,35.54545454545455,5.181818181818182,0.0,0.0,0.0
C,KLUIVERT,Roma,16,24,5.88,6.21,1,0,0,0,0,0,6,0,2,0,0,N,5.88,6.21,0.0,6.0,2.0,0.0,0.0,0.0,0.0,24.0,1.0,0.0,0.0,0.0
C,ZANIOLO,Roma,16,27,6.13,6.5,4,0,0,0,0,0,2,0,8,0,0,N,6.13,6.5,0.0,2.0,8.0,0.0,0.0,0.0,0.0,27.0,4.0,0.0,0.0,0.0
C,KURTIC,SPAL,16,30,6.13,6.75,6,0,0,0,0,0,3,2,9,0,0,N,5.96909090909091,6.390000000000001,2.0,2.7142857142857144,7.7272727272727275,0.0,1.0,0.0,0.0,31.09090909090909,4.818181818181818,0.0,0.0,0.0
A,JOAO PEDRO,Cagliari,16,34,5.85,6.47,5,0,0,2,2,0,2,1,4,1,0,N,5.858,6.484999999999999,1.0,1.5,4.3,0.0,1.0,1.5,1.0,28.0,4.9,0.0,0.0,1.7
A,BOATENG,Fiorentina,16,13,6.35,7.31,2,0,0,2,2,0,1,0,1,0,0,N,6.291666666666667,7.161666666666666,0.0,1.0,1.0,0.0,0.0,2.0,0.0,11.833333333333334,1.8333333333333333,0.0,0.0,2.0
A,LASAGNA,Udinese,16,34,5.69,6.13,6,0,0,1,0,1,1,0,2,0,0,N,5.892222222222222,6.607777777777778,0.0,1.0,1.5555555555555556,0.0,0.0,0.0,1.0,32.333333333333336,7.888888888888889,0.0,0.0,1.0
P,DONNARUMMA G,Milan,15,35,6.33,5.47,0,31,1,0,0,0,0,0,4,0,0,N,6.263636363636365,5.262727272727272,0.0,0.0,3.0,1.0,0.0,0.0,0.0,35.81818181818182,0.0,36.36363636363637,1.2857142857142858,0.0
D,SKRINIAR,Inter,15,35,6.1,5.99,0,0,0,0,0,0,0,0,4,0,1,N,6.021818181818182,5.972727272727273,0.0,0.0,3.1818181818181817,1.0,1.0,0.0,0.0,32.81818181818182,4.0,0.0,0.0,0.0
D,CHIELLINI,Juventus,15,23,6.35,6.46,1,0,0,0,0,0,1,0,3,0,0,N,6.25,6.345454545454545,0.0,1.0,3.0,0.0,1.0,0.0,0.0,22.818181818181817,1.25,0.0,0.0,0.0
D,KOULIBALY,Napoli,15,35,6.27,6.31,2,0,0,0,0,0,1,0,9,1,0,N,6.282727272727272,6.395454545454546,0.0,1.0,7.545454545454546,0.0,1.0,0.0,0.0,33.54545454545455,2.9,0.0,0.0,0.0
D,N'KOULOU,Torino,15,36,6.25,6.31,2,0,0,0,0,0,0,0,6,1,0,N,6.1825,6.2612499999999995,0.0,0.0,5.25,0.0,1.0,0.0,0.0,36.375,2.0,0.0,0.0,0.0
C,BENASSI,Fiorentina,15,32,5.89,6.44,7,0,0,0,0,0,0,0,5,1,0,N,5.918181818181818,6.3963636363636365,0.0,1.8333333333333333,5.454545454545454,0.0,1.0,0.0,0.0,31.545454545454547,5.7272727272727275,0.0,0.0,0.0
C,BARELLA,Inter,15,35,6.13,6.07,1,0,0,1,0,1,4,0,8,2,0,N,6.078,6.118,0.0,2.5,9.7,0.0,1.5,3.0,1.0,32.9,1.75,0.0,0.0,1.75
C,LAZZARI M,Lazio,15,33,6.35,6.48,0,0,0,0,0,0,8,0,7,0,0,N,6.27125,6.408750000000001,0.0,5.375,5.875,0.0,0.0,0.0,0.0,33.75,2.0,0.0,0.0,0.0
A,ANDRE' SILVA,Milan,15,0,0,0,0,0,0,0,0,0,0,0,0,0,0,N,5.7,5.98,0.0,0.0,0.0,0.0,0.0,0.0,0.0,22.0,2.0,0.0,0.0,0.0
P,GOLLINI,Atalanta,14,20,6.22,5.15,0,21,0,0,0,0,0,0,1,0,0,N,6.16,5.293636363636364,0.0,0.0,1.125,0.0,0.0,0.0,0.0,14.090909090909092,0.0,14.818181818181818,0.0,0.0
P,STRAKOSHA,Lazio,14,35,6.17,5.09,0,39,1,0,0,0,0,0,4,0,0,N,6.183,5.019,0.0,0.0,2.8,0.0,0.0,0.0,0.0,33.1,0.0,39.4,1.0,0.0
P,MERET,Napoli,14,14,6.18,5.46,0,9,0,0,0,0,0,0,0,1,0,N,6.3,5.56125,0.0,0.0,0.0,0.0,1.0,0.0,0.0,13.625,0.0,11.625,2.0,0.0
P,SIRIGU,Torino,14,36,6.35,5.53,0,35,2,0,0,0,0,0,1,0,0,N,6.35375,5.4662500000000005,0.0,0.0,1.375,0.0,0.0,0.0,0.0,36.375,0.0,38.75,2.375,0.0
D,CASTAGNE,Atalanta,14,27,6.04,6.5,4,0,0,0,0,0,2,0,3,0,0,N,5.994999999999999,6.2825,0.0,2.0,3.375,0.0,0.0,0.0,0.0,24.0,4.0,0.0,0.0,0.0
D,CRISCITO,Genoa,14,35,6.01,6.1,1,0,0,1,1,0,4,0,12,1,0,N,6.01,6.1,0.0,4.0,12.0,0.0,1.0,1.0,0.0,35.0,1.0,0.0,0.0,1.0
D,GODIN,Inter,14,0,0,0,0,0,0,0,0,0,0,0,0,0,0,Y,0.0,0.0,0.0,0.0,0.0,0.0,0.0,0.0,0.0,0.0,0.0,0.0,0.0,0.0
D,ALEX SANDRO,Juventus,14,29,6.05,6.14,1,0,0,0,0,0,3,0,7,0,0,N,6.127272727272728,6.372727272727272,0.0,3.272727272727273,6.7272727272727275,1.0,1.0,0.0,0.0,26.727272727272727,2.272727272727273,0.0,0.0,0.0
D,DE LIGT,Juventus,14,0,0,0,0,0,0,0,0,0,0,0,0,0,0,Y,0.0,0.0,0.0,0.0,0.0,0.0,0.0,0.0,0.0,0.0,0.0,0.0,0.0,0.0
D,ACERBI,Lazio,14,37,6.14,6.31,3,0,0,0,0,0,0,0,3,1,0,N,6.1054545454545455,6.234545454545454,0.0,0.0,3.090909090909091,1.0,1.0,1.0,0.0,37.36363636363637,3.125,0.0,0.0,1.0
D,ROMAGNOLI A,Milan,14,32,6.27,6.28,2,0,0,0,0,0,0,0,5,1,1,N,6.114545454545455,6.124545454545455,0.0,1.0,5.636363636363637,1.0,1.0,0.0,0.0,29.90909090909091,1.8,0.0,0.0,0.0
D,MANCINI G,Roma,14,29,6.22,6.69,5,0,0,0,0,0,1,0,5,0,0,N,6.07375,6.390000000000001,0.0,1.0,4.625,0.0,1.0,0.0,0.0,21.5,3.5,0.0,0.0,0.0
C,PULGAR,Fiorentina,14,28,5.96,6.46,1,0,0,5,5,0,0,2,6,1,1,N,5.839090909090908,6.066363636363636,2.0,1.0,6.2727272727272725,1.0,1.2857142857142858,5.0,1.0,26.90909090909091,1.6,0.0,0.0,3.5
C,SORIANO,Bologna,14,24,5.9,6.1,2,0,0,0,0,0,2,0,6,0,0,N,5.9,6.1,0.0,2.0,6.0,0.0,0.0,0.0,0.0,24.0,2.0,0.0,0.0,0.0
C,SENSI,Inter,14,28,6.05,6.27,2,0,0,0,0,0,3,1,8,0,0,N,6.049,6.266,1.0,3.0,5.4,0.0,0.0,0.0,0.0,22.0,1.8,0.0,0.0,0.0
C,CAN,Juventus,14,26,6.02,6.33,3,0,0,1,1,0,1,0,7,0,1,N,6.02,6.33,0.0,1.0,7.0,1.0,0.0,1.0,0.0,26.0,3.0,0.0,0.0,1.0
C,DOUGLAS COSTA,Juventus,14,13,6.04,6.15,1,0,0,0,0,0,0,0,1,1,0,N,6.205,6.547499999999999,0.0,11.0,1.0,0.0,1.0,0.0,0.0,19.75,2.125,0.0,0.0,0.0
C,RABIOT,Juventus,14,0,0,0,0,0,0,0,0,0,0,0,0,0,0,Y,0.0,0.0,0.0,0.0,0.0,0.0,0.0,0.0,0.0,0.0,0.0,0.0,0.0,0.0
C,PAROLO,Lazio,14,32,6.17,6.55,4,0,0,0,0,0,3,0,7,0,0,N,6.082727272727272,6.453636363636364,0.0,3.75,6.545454545454546,0.0,1.0,0.0,0.0,31.90909090909091,4.090909090909091,0.0,0.0,0.0
C,PAQUETA',Milan,14,13,6.12,6.19,1,0,0,0,0,0,1,0,4,1,0,N,6.12,6.19,0.0,1.0,4.0,0.0,1.0,0.0,0.0,13.0,1.0,0.0,0.0,0.0
C,PEROTTI,Roma,14,13,6,7.04,2,0,0,3,3,0,0,0,3,0,0,N,6.118181818181818,6.986363636363635,1.0,5.0,2.75,0.0,2.0,3.272727272727273,2.0,19.90909090909091,2.1818181818181817,0.0,0.0,3.8181818181818183
C,VERETOUT,Roma,14,33,6.06,6.27,0,0,0,6,5,1,1,1,12,1,0,N,6.1049999999999995,6.4087499999999995,1.0,1.0,10.875,0.0,1.0,3.875,1.0,34.125,6.0,0.0,0.0,4.875
A,SIMEONE,Fiorentina,14,35,5.66,6.23,6,0,0,0,0,0,3,0,2,0,0,N,5.811999999999999,6.634,0.0,2.9,2.5,0.0,0.0,1.0,1.0,35.9,9.4,0.0,0.0,2.0
A,CAICEDO,Lazio,14,23,6.15,7.2,7,0,0,1,1,0,2,0,4,0,0,N,5.9925,6.88875,0.0,1.625,2.875,0.0,0.0,1.0,0.0,20.0,5.5,0.0,0.0,1.0
A,DEFREL,Roma,14,35,5.97,6.94,11,0,0,0,0,0,2,0,2,0,0,N,5.895454545454546,6.6872727272727275,0.0,1.875,1.5454545454545454,0.0,1.0,1.0,0.0,27.272727272727273,10.5,0.0,0.0,1.0
A,BABACAR,Sassuolo,14,26,5.87,6.75,5,0,0,2,2,0,2,0,0,0,0,N,5.926363636363636,6.9018181818181805,0.0,1.7272727272727273,1.25,0.0,0.0,2.0,0.0,24.363636363636363,5.090909090909091,0.0,0.0,2.0
P,PAU LOPEZ,Roma,13,0,0,0,0,0,0,0,0,0,0,0,0,0,0,Y,0.0,0.0,0.0,0.0,0.0,0.0,0.0,0.0,0.0,0.0,0.0,0.0,0.0,0.0
D,DE VRIJ,Inter,13,28,6.07,6.18,2,0,0,0,0,0,0,0,2,0,1,N,6.120909090909091,6.348181818181818,0.0,1.4,2.5,1.0,0.0,0.0,0.0,27.636363636363637,3.2,0.0,0.0,0.0
D,MANOLAS,Napoli,13,27,6.06,6.06,1,0,0,0,0,0,0,0,6,0,0,N,6.056363636363637,6.097272727272727,0.0,2.0,6.375,1.0,0.0,0.0,0.0,29.363636363636363,1.4444444444444444,0.0,0.0,0.0
C,FREULER,Atalanta,13,35,6.16,6.33,2,0,0,0,0,0,2,0,4,0,0,N,6.118181818181818,6.4427272727272715,1.0,2.2,4.2,0.0,1.0,0.0,0.0,31.818181818181817,3.272727272727273,0.0,0.0,0.0
C,CASTRO,Cagliari,13,12,6.12,6.58,1,0,0,0,0,0,3,0,1,0,0,N,6.098181818181818,6.519090909090909,0.0,3.2,3.0,0.0,1.0,0.0,0.0,21.272727272727273,2.4545454545454546,0.0,0.0,0.0
C,CALHANOGLU,Milan,13,35,5.91,6.27,3,0,0,0,0,0,3,2,3,0,0,N,6.0225,6.4725,2.0,2.625,3.75,0.0,1.0,0.0,0.0,33.5,4.125,0.0,0.0,0.0
C,KESSIE',Milan,13,34,6.06,6.62,4,0,0,3,3,0,2,0,8,0,0,N,6.0649999999999995,6.51,0.0,1.5,7.7,0.0,2.0,2.8,1.0,34.1,3.4,0.0,0.0,3.1
C,KRUNIC,Milan,13,33,6,6.5,5,0,0,0,0,0,6,0,7,1,0,N,5.94,6.2749999999999995,0.0,6.0,7.25,0.0,1.0,0.0,0.0,30.125,3.75,0.0,0.0,0.0
C,ALLAN,Napoli,13,33,6.18,6.18,1,0,0,0,0,0,2,0,10,0,0,N,6.213636363636363,6.379999999999999,0.0,2.909090909090909,6.0,0.0,0.0,0.0,0.0,33.36363636363637,2.0,0.0,0.0,0.0
C,PELLEGRINI LO,Roma,13,25,6.18,6.46,2,0,0,0,0,0,2,2,6,0,0,N,6.081818181818182,6.473636363636363,1.7,2.3,4.909090909090909,0.0,1.0,1.0,0.0,25.0,2.909090909090909,0.0,0.0,1.0
C,ANSALDI,Torino,13,24,6.38,6.77,3,0,0,0,0,0,2,0,3,0,0,N,6.159999999999999,6.337272727272727,0.0,2.272727272727273,4.545454545454546,0.0,1.0,0.0,0.0,23.727272727272727,2.25,0.0,0.0,0.0
A,PALACIO,Bologna,13,28,6.3,6.73,3,0,0,0,0,0,6,0,6,0,0,N,6.157272727272726,6.507272727272727,0.0,4.0,5.818181818181818,0.0,0.0,0.0,0.0,23.90909090909091,3.2222222222222223,0.0,0.0,0.0
A,SANSONE N,Bologna,13,14,6,6.54,2,0,0,0,0,0,4,0,3,1,0,N,6.048333333333333,6.576666666666667,1.0,3.6666666666666665,3.8333333333333335,0.0,1.0,0.0,1.0,17.666666666666668,2.8333333333333335,0.0,0.0,1.0
A,TORREGROSSA,Brescia,13,0,0,0,0,0,0,0,0,0,0,0,0,0,0,Y,0.0,0.0,0.0,0.0,0.0,0.0,0.0,0.0,0.0,0.0,0.0,0.0,0.0,0.0
A,LAPADULA,Lecce,13,6,5.67,6.08,1,0,0,0,0,0,0,0,1,0,0,N,5.786,6.3709999999999996,0.0,1.4,2.0,0.0,0.0,2.6,1.0,15.4,2.6,0.0,0.0,3.2
A,CAPRARI,Sampdoria,13,21,6,6.93,6,0,0,0,0,0,2,0,1,0,0,N,5.933999999999999,6.632,0.0,1.7,3.3,0.0,1.0,1.0,2.0,27.1,6.1,0.0,0.0,3.0
A,GABBIADINI,Sampdoria,13,16,6,6.66,4,0,0,0,0,0,1,0,5,0,0,N,5.93625,6.682499999999999,0.0,1.3333333333333333,4.333333333333333,0.0,1.0,1.0,0.0,14.625,3.5,0.0,0.0,1.0
A,ZAZA,Torino,13,26,5.69,6.08,4,0,0,0,0,0,3,0,8,1,0,N,5.726666666666667,6.164999999999999,0.0,3.0,7.666666666666667,0.0,1.0,0.0,0.0,24.5,4.166666666666667,0.0,0.0,0.0
A,DI CARMINE,Verona,13,0,0,0,0,0,0,0,0,0,0,0,0,0,0,Y,0.0,0.0,0.0,0.0,0.0,0.0,0.0,0.0,0.0,0.0,0.0,0.0,0.0,0.0
D,GHOULAM,Napoli,12,15,6,6.33,1,0,0,0,0,0,2,1,2,0,0,N,6.14,6.537272727272728,1.0,2.8181818181818183,1.6363636363636365,0.0,0.0,0.0,0.0,17.818181818181817,1.375,0.0,0.0,0.0
C,BROZOVIC,Inter,12,32,5.91,5.94,2,0,0,0,0,0,0,1,10,1,0,N,6.014545454545455,6.300909090909091,2.0,3.3333333333333335,8.909090909090908,0.0,1.0,0.0,0.0,29.09090909090909,3.090909090909091,0.0,0.0,0.0
C,MATUIDI,Juventus,12,30,6.22,6.5,3,0,0,0,0,0,2,0,5,0,0,N,6.174999999999999,6.455,0.0,1.625,4.25,0.0,0.0,0.0,0.0,30.0,3.0,0.0,0.0,0.0
C,LULIC,Lazio,12,35,5.9,6.2,4,0,0,0,0,0,1,0,5,0,0,N,5.959090909090909,6.25090909090909,0.0,3.5454545454545454,6.0,1.0,1.0,1.0,0.0,33.81818181818182,3.1818181818181817,0.0,0.0,1.0
C,KUCKA,Parma,12,18,5.94,6.56,3,0,0,1,1,0,2,0,4,1,0,N,5.9275,6.33625,0.0,1.875,5.625,1.0,1.5714285714285714,1.0,0.0,21.875,2.75,0.0,0.0,1.0
C,DI FRANCESCO F,SPAL,12,16,5.84,6.28,2,0,0,0,0,0,2,0,2,0,0,N,5.996999999999999,6.409000000000001,0.0,2.5,2.8,0.0,1.0,0.0,0.0,18.2,2.1,0.0,0.0,0.0
A,SANTANDER,Bologna,12,29,6.03,6.9,8,0,0,0,0,0,3,0,5,0,0,N,6.03,6.9,0.0,3.0,5.0,0.0,0.0,0.0,0.0,29.0,8.0,0.0,0.0,0.0
A,POLITANO,Inter,12,36,6.04,6.51,5,0,0,0,0,0,4,1,4,1,0,N,6.122727272727272,6.704545454545454,1.0,3.727272727272727,3.272727272727273,0.0,1.0,2.0,2.0,33.90909090909091,6.0,0.0,0.0,2.0
A,KARAMOH,Parma,12,0,0,0,0,0,0,0,0,0,0,0,0,0,0,N,5.95,6.23,0.0,0.0,0.0,0.0,0.0,0.0,0.0,11.0,1.0,0.0,0.0,0.0
A,SCHICK,Roma,12,21,5.81,6.17,3,0,0,0,0,0,0,0,4,0,0,N,5.866999999999999,6.394,0.0,3.0,3.4285714285714284,0.0,0.0,0.0,0.0,21.4,4.3,0.0,0.0,0.0
A,BOGA,Sassuolo,12,24,6.15,6.56,3,0,0,0,0,0,1,0,0,0,0,N,6.15,6.56,0.0,1.0,0.0,0.0,0.0,0.0,0.0,24.0,3.0,0.0,0.0,0.0
P,CRAGNO,Cagliari,11,38,6.45,5.17,0,54,2,0,0,0,0,0,1,0,0,N,6.359999999999999,5.0275,0.0,0.0,1.0,0.0,0.0,0.0,0.0,34.625,0.0,51.375,2.0,0.0
P,AUDERO,Sampdoria,11,36,6.04,4.65,0,51,1,0,0,0,0,0,4,0,0,N,6.171428571428572,4.892857142857143,0.0,0.0,4.0,0.0,0.0,0.0,0.0,26.0,0.0,36.714285714285715,1.0,0.0
D,ASAMOAH,Inter,11,32,6.02,5.95,0,0,0,0,0,0,1,0,6,0,0,N,6.08909090909091,6.033636363636364,0.0,1.0,4.2727272727272725,0.0,0.0,0.0,0.0,23.545454545454547,0.0,0.0,0.0,0.0
D,BONUCCI,Juventus,11,29,6.02,6.29,3,0,0,0,0,0,0,0,2,0,0,N,5.992727272727273,6.1872727272727275,0.0,1.0,3.727272727272727,1.0,1.0,0.0,0.0,31.272727272727273,2.727272727272727,0.0,0.0,0.0
D,DI LORENZO,Napoli,11,37,6.03,6.41,5,0,0,0,0,0,3,0,8,0,0,N,6.03,6.409999999999999,0.0,3.0,8.0,0.0,0.0,0.0,0.0,37.0,5.0,0.0,0.0,0.0
D,LIROLA,Fiorentina,11,35,5.99,6.21,2,0,0,0,0,0,7,0,2,0,2,N,5.880000000000001,6.004,0.0,4.4,2.2,2.0,0.0,0.0,0.0,28.9,2.0,0.0,0.0,0.0
D,DANILO,Juventus,11,0,0,0,0,0,0,0,0,0,0,0,0,0,0,Y,0.0,0.0,0.0,0.0,0.0,0.0,0.0,0.0,0.0,0.0,0.0,0.0,0.0,0.0
C,DE ROON,Atalanta,11,34,6.01,6.1,1,0,0,1,1,0,1,0,8,0,0,N,5.982222222222222,6.061111111111112,0.0,1.3333333333333333,8.11111111111111,0.0,1.0,1.0,1.0,33.77777777777778,1.3333333333333333,0.0,0.0,1.375
C,MALINOVSKYI,Atalanta,11,0,0,0,0,0,0,0,0,0,0,0,0,0,0,Y,0.0,0.0,0.0,0.0,0.0,0.0,0.0,0.0,0.0,0.0,0.0,0.0,0.0,0.0
C,PASTORE,Roma,11,12,5.92,6.75,3,0,0,0,0,0,0,1,0,0,0,N,5.92,6.75,1.0,0.0,0.0,0.0,0.0,0.0,0.0,12.0,3.0,0.0,0.0,0.0
C,LINETTY,Sampdoria,11,32,5.97,6.17,3,0,0,0,0,0,3,0,11,0,0,N,5.998,6.199,0.0,2.9,8.9,0.0,0.0,0.0,0.0,31.4,2.6,0.0,0.0,0.0
C,LOCATELLI M,Sassuolo,11,26,5.94,6.21,2,0,0,0,0,0,2,2,7,0,0,N,5.848181818181818,5.908181818181819,2.0,2.0,5.636363636363637,0.0,0.0,0.0,0.0,20.545454545454547,2.0,0.0,0.0,0.0
C,TRAORE' HJ,Sassuolo,11,30,6.08,6.28,2,0,0,0,0,0,2,0,4,0,0,N,6.08,6.28,0.0,2.0,4.0,0.0,0.0,0.0,0.0,30.0,2.0,0.0,0.0,0.0
C,BARAK,Udinese,11,5,5.4,5.4,0,0,0,0,0,0,0,0,0,0,0,N,5.63625,5.88375,0.0,4.0,5.0,0.0,0.0,0.0,0.0,15.875,7.0,0.0,0.0,0.0
C,FOFANA,Udinese,11,31,5.94,6.15,2,0,0,0,0,0,3,0,5,0,0,N,5.915000000000001,6.218,0.0,2.4285714285714284,4.3,0.0,1.0,1.0,0.0,28.0,2.6,0.0,0.0,1.0
C,SCHONE,Genoa,11,0,0,0,0,0,0,0,0,0,0,0,0,0,0,Y,0.0,0.0,0.0,0.0,0.0,0.0,0.0,0.0,0.0,0.0,0.0,0.0,0.0,0.0
A,PUSSETTO,Udinese,11,32,5.92,6.27,4,0,0,0,0,0,3,0,8,0,0,N,5.92,6.27,0.0,3.0,8.0,0.0,0.0,0.0,0.0,32.0,4.0,0.0,0.0,0.0
P,DRAGOWSKI,Fiorentina,10,17,6.44,5.03,0,26,1,0,0,0,0,0,2,0,0,N,6.07,4.164,0.0,0.0,2.0,0.0,0.0,0.0,0.0,9.6,0.0,15.8,1.0,0.0
P,CONSIGLI,Sassuolo,10,36,6.25,4.89,0,56,3,0,0,0,0,0,2,1,0,N,6.256363636363637,4.892727272727272,0.0,0.0,1.9090909090909092,1.0,1.0,0.0,0.0,36.54545454545455,0.0,54.90909090909091,2.3636363636363638,0.0
P,MUSSO,Udinese,10,29,6.26,4.81,0,40,0,0,0,0,0,0,4,0,0,N,6.26,4.81,0.0,0.0,4.0,0.0,0.0,0.0,0.0,29.0,0.0,40.0,0.0,0.0
D,TOLOI,Atalanta,10,21,6.07,6.19,1,0,0,0,0,0,3,0,1,1,1,N,6.051818181818183,6.092727272727273,0.0,3.0,3.909090909090909,1.0,1.0,0.0,0.0,25.545454545454547,1.0,0.0,0.0,0.0
D,BIRAGHI,Inter,10,36,5.89,6,1,0,0,0,0,0,5,0,8,0,0,N,5.773,5.848000000000001,1.0,4.2,8.3,0.0,0.0,1.0,1.0,35.2,1.0,0.0,0.0,2.0
D,MILENKOVIC,Fiorentina,10,34,5.93,6.06,3,0,0,0,0,0,0,0,7,1,0,N,5.8625,5.92125,0.0,0.0,7.0,0.0,1.0,0.0,0.0,27.25,3.0,0.0,0.0,0.0
D,FLORENZI,Roma,10,29,6.03,6.31,3,0,0,0,0,0,1,1,4,1,0,N,6.0572727272727285,6.309090909090909,1.0,2.4545454545454546,3.272727272727273,0.0,1.0,0.0,1.0,26.272727272727273,2.7777777777777777,0.0,0.0,1.0
D,DE SILVESTRI,Torino,10,31,6,6.29,2,0,0,0,0,0,4,0,2,0,0,N,5.987272727272727,6.300909090909091,1.0,2.727272727272727,2.272727272727273,0.0,1.0,0.0,0.0,28.09090909090909,2.5454545454545454,0.0,0.0,0.0
C,ROG,Cagliari,10,7,6.07,6.29,1,0,0,0,0,0,0,0,3,0,0,N,6.008,6.136,0.0,0.0,2.9,0.0,0.0,0.0,0.0,9.0,1.0,0.0,0.0,0.0
C,SAPONARA,Genoa,10,21,6.12,6.52,2,0,0,0,0,0,4,0,3,0,0,N,6.049090909090908,6.406363636363636,1.0,4.0,3.6363636363636362,0.0,1.0,0.0,1.0,21.818181818181817,2.875,0.0,0.0,1.0
C,KHEDIRA,Juventus,10,10,6.1,6.7,2,0,0,0,0,0,0,0,0,0,0,N,6.127272727272728,6.874545454545455,0.0,2.5,1.6666666666666667,0.0,1.0,0.0,0.0,19.0,4.7272727272727275,0.0,0.0,0.0
C,BENNACER,Milan,10,35,5.9,5.86,0,0,0,0,0,0,1,1,7,0,0,N,5.9,5.86,1.0,1.0,7.0,0.0,0.0,0.0,0.0,35.0,0.0,0.0,0.0,0.0
C,CASTILLEJO,Milan,10,22,5.95,6.55,4,0,0,0,0,0,2,0,3,0,0,N,5.95,6.55,0.0,2.0,3.0,0.0,0.0,0.0,0.0,22.0,4.0,0.0,0.0,0.0
C,CRISTANTE,Roma,10,35,5.87,6.13,4,0,0,0,0,0,2,0,10,0,0,N,5.9,6.284545454545454,0.0,2.3,6.3,0.0,0.0,0.0,1.0,30.454545454545453,5.3,0.0,0.0,1.0
C,RAMIREZ,Sampdoria,10,26,5.92,6.38,4,0,0,0,0,0,2,2,6,1,0,N,5.9125000000000005,6.32,2.0,3.875,7.125,0.0,1.0,0.0,0.0,29.75,3.625,0.0,0.0,0.0
C,DUNCAN,Sassuolo,10,24,6.1,6.6,4,0,0,0,0,0,4,0,6,1,0,N,5.9736363636363645,6.207272727272727,0.0,2.7777777777777777,5.0,0.0,1.0,0.0,0.0,24.272727272727273,2.875,0.0,0.0,0.0
C,OBIANG,Sassuolo,10,0,0,0,0,0,0,0,0,0,0,0,0,0,0,Y,0.0,0.0,0.0,0.0,0.0,0.0,0.0,0.0,0.0,0.0,0.0,0.0,0.0,0.0
C,BASELLI,Torino,10,34,6.07,6.38,4,0,0,0,0,0,1,0,5,0,0,N,6.015454545454546,6.338181818181818,1.0,1.4,6.909090909090909,0.0,1.0,0.0,0.0,33.09090909090909,4.363636363636363,0.0,0.0,0.0
C,NANDEZ,Cagliari,10,0,0,0,0,0,0,0,0,0,0,0,0,0,0,Y,0.0,0.0,0.0,0.0,0.0,0.0,0.0,0.0,0.0,0.0,0.0,0.0,0.0,0.0
A,FARIAS,Lecce,10,31,6.02,6.76,7,0,0,0,0,0,4,0,4,0,0,N,5.955,6.559,0.0,3.6,4.0,0.0,0.0,2.0,1.0,27.3,4.8,0.0,0.0,1.4
A,PANDEV,Genoa,10,21,6.05,6.6,4,0,0,0,0,0,2,0,6,0,0,N,5.954545454545454,6.3981818181818175,0.0,1.625,4.4,0.0,1.0,0.0,0.0,22.181818181818183,4.1,0.0,0.0,0.0
A,SANABRIA,Genoa,10,14,5.79,6.18,3,0,0,1,0,1,0,0,1,0,0,N,5.79,6.18,0.0,0.0,1.0,0.0,0.0,0.0,1.0,14.0,3.0,0.0,0.0,1.0
A,NESTOROVSKI,Udinese,10,0,0,0,0,0,0,0,0,0,0,0,0,0,0,Y,5.76,6.64,0.0,2.0,5.0,0.0,0.0,1.0,0.0,37.0,10.0,0.0,0.0,1.0
A,PAZZINI,Verona,10,0,0,0,0,0,0,0,0,0,0,0,0,0,0,Y,5.722499999999999,6.3475,0.0,1.0,2.0,0.0,0.0,3.75,0.0,20.5,3.0,0.0,0.0,3.75
P,SKORUPSKI,Bologna,9,38,6.11,4.62,0,56,0,0,0,0,0,0,1,0,0,N,6.267272727272727,5.217272727272728,0.0,0.0,1.375,1.0,0.0,0.0,0.0,26.727272727272727,0.0,54.375,4.0,0.0
D,PALOMINO,Atalanta,9,28,6.05,6.07,1,0,0,0,0,0,1,0,5,1,0,N,6.046250000000001,6.085000000000001,0.0,1.0,4.25,0.0,1.0,0.0,0.0,26.125,1.0,0.0,0.0,0.0
D,PEZZELLA GER,Fiorentina,9,32,6.03,6.09,2,0,0,0,0,0,1,0,6,0,1,N,6.03,6.0337499999999995,0.0,1.0,8.25,1.0,0.0,0.0,0.0,32.75,1.625,0.0,0.0,0.0
D,ROMERO C,Genoa,9,27,6,6,2,0,0,0,0,0,1,0,10,2,0,N,6.0,6.0,0.0,1.0,10.0,0.0,2.0,0.0,0.0,27.0,2.0,0.0,0.0,0.0
D,D'AMBROSIO,Inter,9,29,5.95,6.19,2,0,0,0,0,0,4,0,6,0,0,N,5.921818181818182,6.1463636363636365,0.0,3.3,5.363636363636363,0.0,1.0,0.0,0.0,29.90909090909091,2.1818181818181817,0.0,0.0,0.0
D,VAVRO,Lazio,9,0,0,0,0,0,0,0,0,0,0,0,0,0,0,Y,0.0,0.0,0.0,0.0,0.0,0.0,0.0,0.0,0.0,0.0,0.0,0.0,0.0,0.0
D,CALABRIA,Milan,9,25,5.9,5.96,1,0,0,0,0,0,1,0,5,0,0,N,5.913636363636363,5.978181818181818,0.0,1.6,4.375,0.0,1.0,0.0,0.0,18.818181818181817,1.0,0.0,0.0,0.0
D,BRUNO ALVES,Parma,9,33,6.03,6.21,4,0,0,0,0,0,1,0,8,1,1,N,5.878571428571429,6.0042857142857144,0.0,1.0,7.142857142857143,1.0,1.0,0.0,0.0,33.857142857142854,3.142857142857143,0.0,0.0,0.0
D,FERRARI G,Sassuolo,9,31,5.97,6.21,4,0,0,0,0,0,0,0,9,0,0,N,5.8870000000000005,6.081,0.0,1.0,7.3,0.0,0.0,0.0,0.0,31.9,3.2,0.0,0.0,0.0
D,BONIFAZI,Torino,9,27,5.94,6.13,2,0,0,0,0,0,0,0,2,0,0,N,5.9625,6.08125,0.0,0.0,2.0,0.0,0.0,0.0,0.0,19.125,2.0,0.0,0.0,0.0
D,RODRIGO BECAO,Udinese,9,0,0,0,0,0,0,0,0,0,0,0,0,0,0,Y,0.0,0.0,0.0,0.0,0.0,0.0,0.0,0.0,0.0,0.0,0.0,0.0,0.0,0.0
D,DUARTE,Milan,9,0,0,0,0,0,0,0,0,0,0,0,0,0,0,Y,0.0,0.0,0.0,0.0,0.0,0.0,0.0,0.0,0.0,0.0,0.0,0.0,0.0,0.0
D,ZAPPACOSTA,Roma,9,0,0,0,0,0,0,0,0,0,0,0,0,0,0,Y,5.748333333333332,5.843333333333334,0.0,3.0,1.6666666666666667,0.0,0.0,0.0,0.0,13.666666666666666,1.0,0.0,0.0,0.0
C,PASALIC,Atalanta,9,31,5.89,6.45,5,0,0,0,0,0,3,0,1,0,0,N,5.9157142857142855,6.484285714285714,0.0,2.4285714285714284,2.142857142857143,0.0,0.0,0.0,0.0,28.714285714285715,5.0,0.0,0.0,0.0
C,POLI,Bologna,9,28,6.11,6.48,4,0,0,0,0,0,1,0,5,0,0,N,5.969090909090909,6.1381818181818195,0.0,1.0,4.7272727272727275,0.0,1.0,0.0,0.0,23.545454545454547,3.25,0.0,0.0,0.0
C,BISOLI,Brescia,9,0,0,0,0,0,0,0,0,0,0,0,0,0,0,Y,0.0,0.0,0.0,0.0,0.0,0.0,0.0,0.0,0.0,0.0,0.0,0.0,0.0,0.0
C,CANDREVA,Inter,9,11,6,6.27,1,0,0,0,0,0,0,0,0,0,0,N,6.0609090909090915,6.417272727272728,1.0,6.666666666666667,3.3333333333333335,0.0,0.0,6.0,1.3333333333333333,23.90909090909091,2.625,0.0,0.0,3.3333333333333335
C,CUADRADO,Juventus,9,16,5.78,5.97,1,0,0,0,0,0,2,0,4,0,0,N,6.028181818181818,6.426363636363636,1.0,3.727272727272727,4.818181818181818,0.0,0.0,0.0,0.0,20.545454545454547,2.272727272727273,0.0,0.0,0.0
C,LUCAS LEIVA,Lazio,9,26,6,5.94,0,0,0,0,0,0,2,0,7,0,0,N,6.12,6.108750000000001,0.0,1.625,7.75,0.0,0.0,0.0,0.0,29.75,2.0,0.0,0.0,0.0
C,JANKTO,Sampdoria,9,17,5.59,5.53,0,0,0,0,0,0,0,0,2,0,0,N,5.808,6.026,1.0,3.6,3.7,0.0,0.0,0.0,0.0,24.3,4.4,0.0,0.0,0.0
C,MEITE',Torino,9,34,6.06,6.19,2,0,0,0,0,0,3,0,7,1,0,N,6.06,6.19,0.0,3.0,7.0,0.0,1.0,0.0,0.0,34.0,2.0,0.0,0.0,0.0
C,BESSA,Verona,9,32,5.84,5.88,1,0,0,0,0,0,1,1,8,0,0,N,5.8325,5.984999999999999,1.0,1.375,6.875,0.0,0.0,0.0,0.0,29.375,1.75,0.0,0.0,0.0
C,ZACCAGNI,Verona,9,0,0,0,0,0,0,0,0,0,0,0,0,0,0,Y,5.48,5.48,0.0,0.0,0.0,0.0,0.0,0.0,0.0,2.25,0.0,0.0,0.0,0.0
A,BARROW,Atalanta,9,17,5.82,6,1,0,0,0,0,0,0,0,0,0,0,N,6.0525,6.585,0.0,1.0,0.0,0.0,0.0,0.0,0.0,14.0,1.75,0.0,0.0,0.0
A,LA MANTIA,Lecce,9,0,0,0,0,0,0,0,0,0,0,0,0,0,0,Y,0.0,0.0,0.0,0.0,0.0,0.0,0.0,0.0,0.0,0.0,0.0,0.0,0.0,0.0
A,CORNELIUS,Parma,9,0,0,0,0,0,0,0,0,0,0,0,0,0,0,N,5.82,6.32,0.0,1.0,0.0,0.0,0.0,0.0,0.0,20.0,3.0,0.0,0.0,0.0
A,PALOSCHI,SPAL,9,17,5.74,6,2,0,0,0,0,0,0,0,3,0,0,N,5.701818181818182,6.005454545454546,0.0,1.0,2.4444444444444446,0.0,0.0,1.0,1.3333333333333333,20.09090909090909,4.222222222222222,0.0,0.0,1.6666666666666667
P,SEPE,Parma,8,37,6.09,4.43,0,59,0,0,0,0,0,0,1,0,1,N,6.05625,5.01875,0.0,0.0,1.0,1.0,0.0,0.0,0.0,23.5,0.0,59.0,0.0,0.0
P,BERISHA E,SPAL,8,18,5.97,4.56,0,25,0,0,0,0,0,0,1,0,0,N,6.057272727272727,4.867272727272726,0.0,0.0,1.25,0.0,0.0,0.0,0.0,22.363636363636363,0.0,26.545454545454547,1.0,0.0
D,DJIMSITI,Atalanta,8,22,5.84,5.86,1,0,0,0,0,0,1,0,3,0,1,N,5.68,5.673333333333334,0.0,1.0,2.4444444444444446,1.0,0.0,0.0,0.0,22.555555555555557,1.0,0.0,0.0,0.0
D,DANILO LAR,Bologna,8,35,6.01,6.04,1,0,0,0,0,0,0,0,4,0,0,N,5.888181818181818,5.85,0.0,0.0,6.454545454545454,1.0,1.3333333333333333,0.0,0.0,34.27272727272727,1.2,0.0,0.0,0.0
D,DIJKS,Bologna,8,24,6,5.98,1,0,0,0,0,0,0,0,5,1,0,N,6.0,5.98,0.0,0.0,5.0,0.0,1.0,0.0,0.0,24.0,1.0,0.0,0.0,0.0
D,CISTANA,Brescia,8,0,0,0,0,0,0,0,0,0,0,0,0,0,0,Y,0.0,0.0,0.0,0.0,0.0,0.0,0.0,0.0,0.0,0.0,0.0,0.0,0.0,0.0
D,BIRASCHI,Genoa,8,34,5.81,5.68,0,0,0,0,0,0,0,0,3,1,1,N,5.872,5.7909999999999995,0.0,1.0,2.5,1.0,1.0,0.0,0.0,24.8,0.0,0.0,0.0,0.0
D,ZAPATA C,Genoa,8,12,6.08,5.92,0,0,0,0,0,0,0,0,4,0,0,N,5.987272727272727,5.9336363636363645,0.0,0.0,3.3333333333333335,0.0,0.0,0.0,0.0,12.454545454545455,1.0,0.0,0.0,0.0
D,DEMIRAL,Juventus,8,14,6.29,6.61,2,0,0,0,0,0,0,0,3,0,0,N,6.29,6.610000000000001,0.0,0.0,3.0,0.0,0.0,0.0,0.0,14.0,2.0,0.0,0.0,0.0
D,LUIZ FELIPE,Lazio,8,17,5.94,6.06,1,0,0,0,0,0,1,0,4,0,0,N,5.90625,5.9174999999999995,0.0,1.0,4.75,0.0,0.0,0.0,0.0,17.0,1.0,0.0,0.0,0.0
D,RADU,Lazio,8,28,5.8,5.75,0,0,0,0,0,0,1,0,5,0,0,N,5.785454545454545,5.738181818181818,0.0,1.2727272727272727,6.545454545454546,0.0,1.0,0.0,0.0,27.636363636363637,2.0,0.0,0.0,0.0
D,HERNANDEZ T,Milan,8,0,0,0,0,0,0,0,0,0,0,0,0,0,0,Y,0.0,0.0,0.0,0.0,0.0,0.0,0.0,0.0,0.0,0.0,0.0,0.0,0.0,0.0
D,RODRIGUEZ R,Milan,8,35,5.84,5.83,0,0,0,0,0,0,2,0,5,0,0,N,5.80625,5.77375,0.0,2.0,4.25,0.0,1.0,1.0,1.0,34.625,0.0,0.0,0.0,2.0
D,MALCUIT,Napoli,8,23,6.11,6.15,0,0,0,0,0,0,2,0,3,0,0,N,6.11,6.15,0.0,2.0,3.0,0.0,0.0,0.0,0.0,23.0,0.0,0.0,0.0,0.0
D,FAZIO,Roma,8,34,5.85,6.21,5,0,0,0,0,0,0,0,6,0,0,N,6.012,6.249,0.0,1.0,5.4,0.0,0.0,0.0,0.0,34.1,3.5,0.0,0.0,0.0
D,MURILLO,Sampdoria,8,0,0,0,0,0,0,0,0,0,0,0,0,0,0,Y,5.713333333333334,5.646666666666666,0.0,1.0,5.0,1.0,3.0,0.0,0.0,28.333333333333332,2.0,0.0,0.0,0.0
D,MURRU,Sampdoria,8,34,5.82,5.84,0,0,0,0,0,0,5,0,9,0,0,N,5.731000000000001,5.737,0.0,3.3,6.3,0.0,0.0,0.0,0.0,27.9,0.0,0.0,0.0,0.0
D,IGOR,SPAL,8,0,0,0,0,0,0,0,0,0,0,0,0,0,0,Y,0.0,0.0,0.0,0.0,0.0,0.0,0.0,0.0,0.0,0.0,0.0,0.0,0.0,0.0
D,AINA,Torino,8,29,5.91,6.02,1,0,0,0,0,0,2,1,4,1,0,N,5.91,6.02,1.0,2.0,4.0,0.0,1.0,0.0,0.0,29.0,1.0,0.0,0.0,0.0
D,LYANCO,Torino,8,14,5.89,5.96,1,0,0,0,0,0,0,0,2,1,0,N,5.93125,5.975,0.0,0.0,2.0,0.0,1.0,0.0,0.0,10.25,1.0,0.0,0.0,0.0
D,SAMIR,Udinese,8,21,5.88,6.05,2,0,0,0,0,0,1,0,7,0,0,N,5.819090909090909,5.954545454545454,0.0,1.2857142857142858,5.7272727272727275,2.0,1.0,0.0,0.0,22.09090909090909,1.8888888888888888,0.0,0.0,0.0
D,SKRTEL,Atalanta,8,0,0,0,0,0,0,0,0,0,0,0,0,0,0,Y,0.0,0.0,0.0,0.0,0.0,0.0,0.0,0.0,0.0,0.0,0.0,0.0,0.0,0.0
C,DZEMAILI,Bologna,8,27,5.8,5.87,1,0,0,0,0,0,1,0,4,0,0,N,5.885454545454547,6.073636363636364,0.0,1.25,5.2727272727272725,0.0,1.0,0.0,0.0,24.363636363636363,2.4545454545454546,0.0,0.0,0.0
C,MOROSINI,Brescia,8,0,0,0,0,0,0,0,0,0,0,0,0,0,0,Y,5.75,5.75,0.0,0.0,0.0,0.0,0.0,0.0,0.0,2.0,0.0,0.0,0.0,0.0
C,SPALEK,Brescia,8,0,0,0,0,0,0,0,0,0,0,0,0,0,0,Y,0.0,0.0,0.0,0.0,0.0,0.0,0.0,0.0,0.0,0.0,0.0,0.0,0.0,0.0
C,IONITA,Cagliari,8,37,5.76,5.97,3,0,0,0,0,0,2,0,4,1,0,N,5.821818181818182,6.029090909090908,0.0,1.5454545454545454,4.0,0.0,1.0,0.0,0.0,32.09090909090909,3.125,0.0,0.0,0.0
C,CASTROVILLI,Fiorentina,8,0,0,0,0,0,0,0,0,0,0,0,0,0,0,Y,0.0,0.0,0.0,0.0,0.0,0.0,0.0,0.0,0.0,0.0,0.0,0.0,0.0,0.0
C,GAGLIARDINI,Inter,8,15,6.1,6.97,5,0,0,0,0,0,0,0,4,0,0,N,5.993636363636364,6.38909090909091,0.0,3.0,5.8,0.0,0.0,0.0,0.0,19.636363636363637,4.142857142857143,0.0,0.0,0.0
C,LAZARO,Inter,8,0,0,0,0,0,0,0,0,0,0,0,0,0,0,Y,0.0,0.0,0.0,0.0,0.0,0.0,0.0,0.0,0.0,0.0,0.0,0.0,0.0,0.0
C,VECINO,Inter,8,27,5.85,6.07,3,0,0,0,0,0,1,0,8,0,0,N,5.914545454545455,6.145454545454545,0.0,1.8181818181818181,7.545454545454546,0.0,1.0,0.0,0.0,27.818181818181817,2.909090909090909,0.0,0.0,0.0
C,BENTANCUR,Juventus,8,29,5.91,6.03,2,0,0,0,0,0,2,0,7,1,0,N,5.876250000000001,5.95125,0.0,2.0,7.0,0.0,1.0,0.0,0.0,22.25,2.0,0.0,0.0,0.0
C,MANCOSU,Lecce,8,0,0,0,0,0,0,0,0,0,0,0,0,0,0,Y,5.71,6.0,0.0,0.0,2.0,0.0,0.0,1.0,0.0,19.0,1.0,0.0,0.0,1.0
C,BIGLIA,Milan,8,15,5.93,6.03,1,0,0,0,0,0,0,0,3,0,0,N,5.951818181818182,6.072727272727274,2.0,1.0,5.0,0.0,1.0,2.6666666666666665,2.0,21.454545454545453,1.0909090909090908,0.0,0.0,4.0
C,YOUNES,Napoli,8,11,6.27,7.23,3,0,0,0,0,0,2,0,1,0,0,N,6.27,7.230000000000001,0.0,2.0,1.0,0.0,0.0,0.0,0.0,11.0,3.0,0.0,0.0,0.0
C,BARILLA',Parma,8,31,5.89,6.08,3,0,0,0,0,0,2,0,10,0,0,N,5.89,6.08,0.0,2.0,10.0,0.0,0.0,0.0,0.0,31.0,3.0,0.0,0.0,0.0
C,GRASSI,Parma,8,6,5.83,5.83,0,0,0,0,0,0,0,0,0,0,0,N,5.9381818181818184,6.014545454545455,0.0,0.0,2.8333333333333335,0.0,1.0,0.0,0.0,14.272727272727273,2.2,0.0,0.0,0.0
C,DIAWARA,Roma,8,11,5.82,5.64,0,0,0,0,0,0,0,0,4,0,0,N,5.9772727272727275,5.95090909090909,0.0,1.0,3.090909090909091,0.0,2.0,0.0,0.0,14.909090909090908,1.0,0.0,0.0,0.0
C,BERENGUER,Torino,8,22,6.09,6.43,2,0,0,0,0,0,2,1,4,0,0,N,6.026249999999999,6.35125,1.0,2.0,2.875,0.0,0.0,0.0,0.0,20.5,1.625,0.0,0.0,0.0
C,RINCON,Torino,8,33,6.12,6.17,3,0,0,0,0,0,0,0,15,0,0,N,6.032727272727272,6.057272727272727,0.0,2.6666666666666665,11.636363636363637,0.0,0.0,0.0,0.0,31.818181818181817,2.3333333333333335,0.0,0.0,0.0
C,MANDRAGORA,Udinese,8,34,5.75,5.9,3,0,0,0,0,0,0,1,8,1,0,N,5.8025,5.915,1.0,0.0,8.0,0.0,1.0,0.0,0.0,34.75,2.625,0.0,0.0,0.0
A,SKOV OLSEN,Bologna,8,0,0,0,0,0,0,0,0,0,0,0,0,0,0,Y,0.0,0.0,0.0,0.0,0.0,0.0,0.0,0.0,0.0,0.0,0.0,0.0,0.0,0.0
A,ADEKANYE,Lazio,8,0,0,0,0,0,0,0,0,0,0,0,0,0,0,Y,0.0,0.0,0.0,0.0,0.0,0.0,0.0,0.0,0.0,0.0,0.0,0.0,0.0,0.0
A,OUNAS,Napoli,8,12,6,6.75,3,0,0,0,0,0,0,0,0,0,0,N,6.0,6.46875,0.0,0.0,0.0,0.0,0.0,0.0,0.0,8.625,3.0,0.0,0.0,0.0
A,SILIGARDI,Parma,8,27,6,6.15,1,0,0,0,0,0,0,2,2,0,0,N,5.956666666666667,6.118333333333333,2.0,0.0,1.8333333333333333,0.0,0.0,0.0,0.0,26.666666666666668,1.1666666666666667,0.0,0.0,0.0
A,TEODORCZYK,Udinese,8,12,5.67,5.62,1,0,0,1,0,1,0,0,1,0,0,N,5.67,5.62,0.0,0.0,1.0,0.0,0.0,0.0,1.0,12.0,1.0,0.0,0.0,1.0
P,JORONEN,Brescia,7,0,0,0,0,0,0,0,0,0,0,0,0,0,0,Y,0.0,0.0,0.0,0.0,0.0,0.0,0.0,0.0,0.0,0.0,0.0,0.0,0.0,0.0
P,RADU I,Genoa,7,33,6.3,5,0,46,1,0,0,0,0,0,0,0,0,N,6.25,5.166666666666667,0.0,0.0,0.0,0.0,0.0,0.0,0.0,27.666666666666668,0.0,46.0,1.0,0.0
P,SILVESTRI,Verona,7,0,0,0,0,0,0,0,0,0,0,0,0,0,0,Y,6.5,3.0,0.0,0.0,0.0,0.0,0.0,0.0,0.0,2.0,0.0,7.0,0.0,0.0
D,MASIELLO A,Atalanta,7,23,5.83,5.67,0,0,0,0,0,0,1,0,5,0,1,N,6.045454545454546,6.069999999999999,0.0,1.0,5.909090909090909,1.0,0.0,0.0,0.0,27.818181818181817,3.6,0.0,0.0,0.0
D,DENSWIL,Bologna,7,0,0,0,0,0,0,0,0,0,0,0,0,0,0,Y,0.0,0.0,0.0,0.0,0.0,0.0,0.0,0.0,0.0,0.0,0.0,0.0,0.0,0.0
D,CACCIATORE,Cagliari,7,14,5.86,5.89,0,0,0,0,0,0,2,0,3,0,0,N,5.831818181818181,5.8972727272727266,0.0,2.1818181818181817,4.545454545454546,0.0,1.0,0.0,0.0,23.181818181818183,1.5,0.0,0.0,0.0
D,CEPPITELLI,Cagliari,7,24,5.92,5.81,1,0,0,0,0,0,1,0,5,2,1,N,5.8260000000000005,5.765,0.0,1.0,5.6,1.0,2.0,0.0,0.0,23.3,1.75,0.0,0.0,0.0
D,RUGANI,Juventus,7,15,5.93,6.23,2,0,0,0,0,0,0,0,3,0,0,N,6.115454545454545,6.366363636363636,0.0,1.0,3.090909090909091,0.0,0.0,0.0,0.0,16.727272727272727,2.0,0.0,0.0,0.0
D,MUSACCHIO,Milan,7,29,6.02,6.09,1,0,0,0,0,0,0,0,2,0,0,N,5.84,5.842499999999999,0.0,0.0,2.375,0.0,0.0,0.0,0.0,23.375,1.0,0.0,0.0,0.0
D,HYSAJ,Napoli,7,25,5.76,5.76,0,0,0,0,0,0,2,0,4,0,0,N,5.842727272727273,5.8,0.0,1.6666666666666667,4.2727272727272725,1.0,1.0,0.0,0.0,30.454545454545453,0.0,0.0,0.0,0.0
D,GAGLIOLO,Parma,7,34,5.87,5.68,0,0,0,0,0,0,1,0,7,0,2,N,5.864999999999999,5.688333333333333,0.0,1.0,7.666666666666667,2.0,1.0,0.0,0.0,33.5,1.0,0.0,0.0,0.0
D,LAURINI,Parma,7,13,5.81,5.65,0,0,0,0,0,0,0,0,4,0,0,N,5.767272727272727,5.662727272727273,0.0,1.0,4.0,0.0,1.0,0.0,0.0,18.181818181818183,1.0,0.0,0.0,0.0
D,SPINAZZOLA,Roma,7,9,6,6.11,0,0,0,0,0,0,1,0,0,0,0,N,5.985,6.075,0.0,1.9,1.4,1.0,0.0,0.0,0.0,15.9,0.0,0.0,0.0,0.0
D,COLLEY,Sampdoria,7,21,5.93,5.88,0,0,0,0,0,0,0,0,0,1,0,N,5.93,5.88,0.0,0.0,0.0,0.0,1.0,0.0,0.0,21.0,0.0,0.0,0.0,0.0
D,ROGERIO,Sassuolo,7,32,5.64,5.59,1,0,0,0,0,0,1,0,9,1,0,N,5.654999999999999,5.55625,0.0,1.0,7.125,0.0,1.0,0.0,0.0,24.125,1.0,0.0,0.0,0.0
D,TOLJAN,Sassuolo,7,0,0,0,0,0,0,0,0,0,0,0,0,0,0,Y,0.0,0.0,0.0,0.0,0.0,0.0,0.0,0.0,0.0,0.0,0.0,0.0,0.0,0.0
D,CIONEK,SPAL,7,30,5.77,5.58,0,0,0,0,0,0,2,0,12,2,0,N,5.901818181818182,5.78,0.0,2.0,8.454545454545455,0.0,2.0,0.0,0.0,23.272727272727273,1.0,0.0,0.0,0.0
D,VICARI,SPAL,7,28,5.95,6.09,2,0,0,0,0,0,1,0,6,0,0,N,5.890000000000001,5.88,0.0,1.0,7.5,2.0,1.0,0.0,0.0,30.25,2.0,0.0,0.0,0.0
D,DJIDJI,Torino,7,16,5.97,5.91,0,0,0,0,0,0,0,0,2,0,0,N,5.97,5.91,0.0,0.0,2.0,0.0,0.0,0.0,0.0,16.0,0.0,0.0,0.0,0.0
D,STRYGER LARSEN,Udinese,7,36,5.86,5.97,1,0,0,0,0,0,4,0,6,0,0,N,5.83,5.9175,0.0,2.875,5.625,0.0,0.0,0.0,0.0,33.375,1.0,0.0,0.0,0.0
D,BOCCHETTI,Verona,7,0,0,0,0,0,0,0,0,0,0,0,0,0,0,Y,0.0,0.0,0.0,0.0,0.0,0.0,0.0,0.0,0.0,0.0,0.0,0.0,0.0,0.0
D,ARANA,Atalanta,7,0,0,0,0,0,0,0,0,0,0,0,0,0,0,Y,0.0,0.0,0.0,0.0,0.0,0.0,0.0,0.0,0.0,0.0,0.0,0.0,0.0,0.0
C,NDOJ,Brescia,7,0,0,0,0,0,0,0,0,0,0,0,0,0,0,Y,0.0,0.0,0.0,0.0,0.0,0.0,0.0,0.0,0.0,0.0,0.0,0.0,0.0,0.0
C,TONALI,Brescia,7,0,0,0,0,0,0,0,0,0,0,0,0,0,0,Y,0.0,0.0,0.0,0.0,0.0,0.0,0.0,0.0,0.0,0.0,0.0,0.0,0.0,0.0
C,BIRSA,Cagliari,7,26,5.88,6.17,1,0,0,1,1,0,1,1,1,0,0,N,5.968181818181818,6.393636363636364,3.090909090909091,2.0,2.5454545454545454,0.0,0.0,1.1666666666666667,1.0,30.636363636363637,2.909090909090909,0.0,0.0,1.25
C,RADOVANOVIC,Genoa,7,35,5.66,5.53,0,0,0,0,0,0,0,0,9,0,0,N,5.73909090909091,5.64,0.0,1.0,8.272727272727273,0.0,1.0,0.0,0.0,33.72727272727273,1.0,0.0,0.0,0.0
C,ROMULO,Genoa,7,27,6.04,6.17,0,0,0,1,1,0,2,0,1,1,0,N,6.010000000000001,6.194444444444445,1.0,2.5555555555555554,3.25,0.0,1.0,1.375,0.0,28.11111111111111,1.0,0.0,0.0,1.375
C,ELMAS,Napoli,7,0,0,0,0,0,0,0,0,0,0,0,0,0,0,Y,0.0,0.0,0.0,0.0,0.0,0.0,0.0,0.0,0.0,0.0,0.0,0.0,0.0,0.0
C,EKDAL,Sampdoria,7,32,6.02,5.92,0,0,0,0,0,0,0,0,6,0,0,N,6.02,5.92,0.0,0.0,6.0,0.0,0.0,0.0,0.0,32.0,0.0,0.0,0.0,0.0
C,MARONI,Sampdoria,7,0,0,0,0,0,0,0,0,0,0,0,0,0,0,Y,0.0,0.0,0.0,0.0,0.0,0.0,0.0,0.0,0.0,0.0,0.0,0.0,0.0,0.0
C,D'ALESSANDRO,SPAL,7,20,5.95,5.92,0,0,0,0,0,0,1,0,3,0,0,N,6.075454545454545,6.204545454545454,0.0,1.0909090909090908,2.272727272727273,0.0,0.0,0.0,0.0,17.818181818181817,1.3333333333333333,0.0,0.0,0.0
C,FARES,SPAL,7,35,5.86,5.97,3,0,0,0,0,0,1,0,12,0,0,N,5.637777777777777,5.618888888888888,0.0,1.0,10.88888888888889,1.0,0.0,0.0,0.0,30.444444444444443,3.0,0.0,0.0,0.0
C,MURGIA,SPAL,7,14,5.93,6.11,0,0,0,0,0,0,0,3,1,0,0,N,5.872000000000001,6.029,3.0,0.0,1.6,0.0,1.0,0.0,0.0,12.7,2.0,0.0,0.0,0.0
C,MIGUEL VELOSO,Verona,7,21,5.81,5.69,0,0,0,0,0,0,0,1,7,0,0,N,5.827,5.757,1.0,1.0,6.1,0.0,1.0,0.0,0.0,21.7,1.0,0.0,0.0,0.0
C,ZMRHAL,Brescia,7,0,0,0,0,0,0,0,0,0,0,0,0,0,0,Y,0.0,0.0,0.0,0.0,0.0,0.0,0.0,0.0,0.0,0.0,0.0,0.0,0.0,0.0
C,LAZOVIC,Verona,7,33,5.95,6.32,3,0,0,0,0,0,3,1,2,0,0,N,5.959090909090909,6.180000000000001,1.0,2.5454545454545454,2.2,0.0,1.0,0.0,0.0,27.454545454545453,2.7142857142857144,0.0,0.0,0.0
C,WALACE,Udinese,7,0,0,0,0,0,0,0,0,0,0,0,0,0,0,Y,0.0,0.0,0.0,0.0,0.0,0.0,0.0,0.0,0.0,0.0,0.0,0.0,0.0,0.0
A,AYE',Brescia,7,0,0,0,0,0,0,0,0,0,0,0,0,0,0,Y,0.0,0.0,0.0,0.0,0.0,0.0,0.0,0.0,0.0,0.0,0.0,0.0,0.0,0.0
A,FLOCCARI,SPAL,7,15,6.07,6.67,3,0,0,0,0,0,1,0,3,0,0,N,5.946363636363636,6.4381818181818184,0.0,1.0,2.6666666666666665,0.0,0.0,0.0,0.0,14.090909090909092,3.3333333333333335,0.0,0.0,0.0
D,CHANCELLOR,Brescia,6,0,0,0,0,0,0,0,0,0,0,0,0,0,0,Y,0.0,0.0,0.0,0.0,0.0,0.0,0.0,0.0,0.0,0.0,0.0,0.0,0.0,0.0
D,MARTELLA,Brescia,6,0,0,0,0,0,0,0,0,0,0,0,0,0,0,Y,5.962,6.024,0.0,3.0,3.4,0.0,0.0,0.0,0.0,29.6,1.0,0.0,0.0,0.0
D,SABELLI,Brescia,6,0,0,0,0,0,0,0,0,0,0,0,0,0,0,Y,5.86,6.21,0.0,0.0,1.0,0.0,0.0,0.0,0.0,7.0,1.0,0.0,0.0,0.0
D,KLAVAN,Cagliari,6,15,5.9,5.83,0,0,0,0,0,0,0,0,2,0,0,N,5.9,5.83,0.0,0.0,2.0,0.0,0.0,0.0,0.0,15.0,0.0,0.0,0.0,0.0
D,BARRECA,Genoa,6,0,0,0,0,0,0,0,0,0,0,0,0,0,0,Y,5.843999999999999,5.794,0.0,2.0,2.0,0.0,1.0,0.0,0.0,16.2,0.0,0.0,0.0,0.0
D,PELLEGRINI LU,Cagliari,6,16,5.91,5.84,0,0,0,0,0,0,2,0,4,1,0,N,5.91,5.84,0.0,2.0,4.0,0.0,1.0,0.0,0.0,16.0,0.0,0.0,0.0,0.0
D,BASTOS,Lazio,6,17,5.82,5.91,1,0,0,0,0,0,0,0,3,0,0,N,5.814000000000001,5.949,0.0,0.0,3.5,0.0,1.0,0.0,0.0,16.5,2.125,0.0,0.0,0.0
D,BENZAR,Lecce,6,0,0,0,0,0,0,0,0,0,0,0,0,0,0,Y,0.0,0.0,0.0,0.0,0.0,0.0,0.0,0.0,0.0,0.0,0.0,0.0,0.0,0.0
D,CALDERONI,Lecce,6,0,0,0,0,0,0,0,0,0,0,0,0,0,0,Y,0.0,0.0,0.0,0.0,0.0,0.0,0.0,0.0,0.0,0.0,0.0,0.0,0.0,0.0
D,BERESZYNSKI,Sampdoria,6,25,5.66,5.6,0,0,0,0,0,0,2,0,5,1,0,N,5.694,5.657,0.0,1.5,4.2,0.0,1.0,0.0,0.0,24.2,0.0,0.0,0.0,0.0
D,DEPAOLI,Sampdoria,6,32,5.75,5.66,0,0,0,0,0,0,4,0,10,2,0,N,5.772,5.674,0.0,3.142857142857143,6.4,0.0,1.7142857142857142,0.0,0.0,22.7,0.0,0.0,0.0,0.0
D,GRAVILLON,Sassuolo,6,0,0,0,0,0,0,0,0,0,0,0,0,0,0,Y,5.75,5.75,0.0,0.0,0.0,0.0,0.0,0.0,0.0,2.0,0.0,0.0,0.0,0.0
D,MAGNANI,Brescia,6,18,6.11,6.11,0,0,0,0,0,0,1,0,2,0,0,N,6.11,6.11,0.0,1.0,2.0,0.0,0.0,0.0,0.0,18.0,0.0,0.0,0.0,0.0
D,MARLON,Sassuolo,6,18,5.69,5.72,1,0,0,0,0,0,0,0,3,1,0,N,5.69,5.72,0.0,0.0,3.0,0.0,1.0,0.0,0.0,18.0,1.0,0.0,0.0,0.0
D,FELIPE,SPAL,6,28,5.84,5.96,3,0,0,0,0,0,1,0,13,0,0,N,5.820909090909091,5.8563636363636355,0.0,1.0,10.181818181818182,0.0,1.0,0.0,0.0,29.09090909090909,1.9090909090909092,0.0,0.0,0.0
D,DE MAIO,Udinese,6,22,5.86,5.89,1,0,0,0,0,0,0,0,3,1,0,N,5.738181818181818,5.734545454545454,0.0,0.0,3.909090909090909,1.0,1.0,0.0,0.0,20.363636363636363,1.3333333333333333,0.0,0.0,0.0
D,TROOST-EKONG,Udinese,6,35,5.79,5.73,0,0,0,0,0,0,0,0,4,0,0,N,5.79,5.73,0.0,0.0,4.0,0.0,0.0,0.0,0.0,35.0,0.0,0.0,0.0,0.0
C,CIGARINI,Cagliari,6,23,5.87,5.72,0,0,0,0,0,0,1,0,9,0,0,N,5.819999999999999,5.683636363636364,2.5,1.0,8.818181818181818,0.0,1.0,1.0,1.0,20.454545454545453,1.75,0.0,0.0,1.0
C,ZURKOWSKI,Fiorentina,6,0,0,0,0,0,0,0,0,0,0,0,0,0,0,Y,0.0,0.0,0.0,0.0,0.0,0.0,0.0,0.0,0.0,0.0,0.0,0.0,0.0,0.0
C,LERAGER,Genoa,6,14,5.68,5.75,1,0,0,0,0,0,0,0,4,0,0,N,5.68,5.75,0.0,0.0,4.0,0.0,0.0,0.0,0.0,14.0,1.0,0.0,0.0,0.0
C,STURARO,Genoa,6,5,5.7,6.1,1,0,0,0,0,0,0,0,0,1,0,N,5.760909090909092,5.902727272727272,0.0,0.0,3.1666666666666665,0.0,1.0,0.0,0.0,9.727272727272727,1.0,0.0,0.0,0.0
C,BADELJ,Fiorentina,6,22,5.82,5.73,1,0,0,0,0,0,0,0,6,0,1,N,5.901818181818182,5.890000000000001,0.0,1.6666666666666667,7.181818181818182,1.0,1.0,0.0,0.0,25.636363636363637,1.4545454545454546,0.0,0.0,0.0
C,JONY,Lazio,6,0,0,0,0,0,0,0,0,0,0,0,0,0,0,Y,0.0,0.0,0.0,0.0,0.0,0.0,0.0,0.0,0.0,0.0,0.0,0.0,0.0,0.0
C,PETRICCIONE,Lecce,6,0,0,0,0,0,0,0,0,0,0,0,0,0,0,Y,0.0,0.0,0.0,0.0,0.0,0.0,0.0,0.0,0.0,0.0,0.0,0.0,0.0,0.0
C,HERNANI,Parma,6,0,0,0,0,0,0,0,0,0,0,0,0,0,0,Y,0.0,0.0,0.0,0.0,0.0,0.0,0.0,0.0,0.0,0.0,0.0,0.0,0.0,0.0
C,VERRE,Verona,6,0,0,0,0,0,0,0,0,0,0,0,0,0,0,N,5.65,5.55,0.0,1.0,2.0,0.0,1.0,0.0,0.0,15.4,0.0,0.0,0.0,0.0
C,BOURABIA,Sassuolo,6,31,5.82,5.77,1,0,0,0,0,0,0,0,7,1,0,N,5.82,5.77,0.0,0.0,7.0,0.0,1.0,0.0,0.0,31.0,1.0,0.0,0.0,0.0
C,MISSIROLI,SPAL,6,34,5.87,5.74,0,0,0,0,0,0,0,0,9,0,0,N,5.958181818181819,5.898181818181819,0.0,1.0,6.2727272727272725,0.0,1.0,0.0,0.0,29.272727272727273,1.25,0.0,0.0,0.0
C,VALOTI,SPAL,6,21,5.86,6,2,0,0,0,0,0,0,0,6,0,0,N,5.762499999999999,5.9175,0.0,0.0,7.125,0.0,0.0,0.0,0.0,22.5,2.375,0.0,0.0,0.0
C,LUKIC,Torino,6,18,6.08,6.28,2,0,0,0,0,0,0,0,7,0,0,N,5.925714285714285,5.997142857142857,0.0,0.0,6.714285714285714,0.0,0.0,0.0,0.0,16.285714285714285,2.0,0.0,0.0,0.0
C,BADU,Verona,6,3,6,6,0,0,0,0,0,0,0,0,0,0,0,N,6.02625,6.081250000000001,0.0,2.3333333333333335,3.3333333333333335,0.0,0.0,0.0,0.0,13.0,4.0,0.0,0.0,0.0
A,FALCINELLI,Bologna,6,11,5.45,5.55,0,0,0,0,0,0,1,0,0,0,0,N,5.657272727272727,5.974545454545455,0.0,1.1818181818181819,3.5,0.0,0.0,1.6666666666666667,0.0,21.363636363636363,4.833333333333333,0.0,0.0,1.6666666666666667
A,GUMUS,Genoa,6,0,0,0,0,0,0,0,0,0,0,0,0,0,0,Y,0.0,0.0,0.0,0.0,0.0,0.0,0.0,0.0,0.0,0.0,0.0,0.0,0.0,0.0
A,FALCO,Lecce,6,0,0,0,0,0,0,0,0,0,0,0,0,0,0,Y,5.75,5.67,0.0,0.0,1.0,0.0,0.0,0.0,0.0,6.0,0.0,0.0,0.0,0.0
A,SPROCATI,Parma,6,12,5.67,5.92,1,0,0,0,0,0,0,0,0,0,0,N,5.67,5.92,0.0,0.0,0.0,0.0,0.0,0.0,0.0,12.0,1.0,0.0,0.0,0.0
P,GABRIEL,Lecce,5,0,0,0,0,0,0,0,0,0,0,0,0,0,0,N,5.78,4.113333333333333,0.0,0.0,1.0,0.0,0.0,0.0,0.0,2.3333333333333335,0.0,5.666666666666667,1.0,0.0
D,BANI,Bologna,5,30,5.65,5.43,0,0,0,0,0,0,0,0,7,1,1,N,5.69875,5.49,0.0,0.0,5.875,1.0,1.0,0.0,0.0,24.75,0.0,0.0,0.0,0.0
D,MBAYE,Bologna,5,23,5.8,5.96,2,0,0,0,0,0,0,0,5,0,0,N,5.750909090909091,5.7272727272727275,0.0,1.0,4.090909090909091,1.4,1.0,0.0,0.0,20.90909090909091,1.625,0.0,0.0,0.0
D,TOMIYASU,Bologna,5,0,0,0,0,0,0,0,0,0,0,0,0,0,0,Y,0.0,0.0,0.0,0.0,0.0,0.0,0.0,0.0,0.0,0.0,0.0,0.0,0.0,0.0
D,MATEJU,Brescia,5,0,0,0,0,0,0,0,0,0,0,0,0,0,0,Y,0.0,0.0,0.0,0.0,0.0,0.0,0.0,0.0,0.0,0.0,0.0,0.0,0.0,0.0
D,MATTIELLO,Cagliari,5,16,5.72,5.84,1,0,0,0,0,0,1,0,2,1,0,N,5.698888888888889,5.826666666666666,0.0,1.0,3.5,0.0,1.0,0.0,0.0,17.666666666666668,1.0,0.0,0.0,0.0
D,PAJAC,Genoa,5,13,6,6.35,2,0,0,0,0,0,1,0,5,0,0,N,6.0,6.35,0.0,1.0,5.0,0.0,0.0,0.0,0.0,13.0,2.0,0.0,0.0,0.0
D,ROMAGNA,Cagliari,5,18,6.06,6,0,0,0,0,0,0,0,0,2,0,0,N,5.96625,5.92875,0.0,0.0,2.0,0.0,0.0,0.0,0.0,19.125,0.0,0.0,0.0,0.0
D,CECCHERINI,Fiorentina,5,13,5.77,5.65,0,0,0,0,0,0,0,0,3,0,0,N,5.807,5.745,0.0,1.0,4.5,0.0,1.0,0.0,0.0,24.6,1.0,0.0,0.0,0.0
D,DE SCIGLIO,Juventus,5,20,6.02,6.02,0,0,0,0,0,0,1,0,2,0,0,N,6.0181818181818185,6.051818181818181,0.0,1.0,2.1818181818181817,0.0,0.0,0.0,0.0,18.90909090909091,1.0,0.0,0.0,0.0
D,LUCIONI,Lecce,5,0,0,0,0,0,0,0,0,0,0,0,0,0,0,Y,5.81,5.5,0.0,0.0,1.0,1.0,0.0,0.0,0.0,8.0,0.0,0.0,0.0,0.0
D,ROSSETTINI,Lecce,5,21,5.55,5.43,0,0,0,0,0,0,0,0,5,0,0,N,5.703636363636364,5.624545454545455,0.0,1.0,6.090909090909091,0.0,0.0,0.0,0.0,23.90909090909091,1.6666666666666667,0.0,0.0,0.0
D,CONTI,Milan,5,9,5.78,5.83,0,0,0,0,0,0,2,0,3,0,0,N,6.001818181818181,6.182727272727272,0.0,2.375,5.0,0.0,1.0,0.0,0.0,11.818181818181818,6.0,0.0,0.0,0.0
D,MAKSIMOVIC,Napoli,5,17,5.88,5.76,0,0,0,0,0,0,0,0,4,0,0,N,5.834545454545454,5.834545454545454,0.0,1.0,3.125,0.0,0.0,0.0,0.0,10.909090909090908,1.0,0.0,0.0,0.0
D,MARIO RUI,Napoli,5,19,5.82,5.87,1,0,0,0,0,0,1,0,4,1,0,N,5.850909090909091,5.901818181818182,1.75,1.375,4.7272727272727275,0.0,1.0,0.0,0.0,19.181818181818183,1.375,0.0,0.0,0.0
D,TONELLI,Napoli,5,19,5.84,5.74,1,0,0,0,0,0,0,0,6,0,1,N,5.835454545454545,6.298181818181818,0.0,0.0,5.25,1.0,1.0,0.0,0.0,12.636363636363637,1.2727272727272727,0.0,0.0,0.0
D,IACOPONI,Parma,5,38,5.71,5.66,0,0,0,0,0,0,0,0,4,0,0,N,5.71,5.66,0.0,0.0,4.0,0.0,0.0,0.0,0.0,38.0,0.0,0.0,0.0,0.0
D,JUAN JESUS,Roma,5,18,5.78,5.72,1,0,0,0,0,0,0,0,4,0,1,N,5.761818181818182,5.662727272727273,0.0,0.0,4.090909090909091,1.0,1.0,0.0,0.0,18.272727272727273,1.0,0.0,0.0,0.0
D,PEZZELLA GIU,Parma,5,5,5.2,4.9,0,0,0,0,0,0,0,0,1,1,0,N,5.330909090909091,5.136363636363637,0.0,0.0,1.6,0.0,1.0,0.0,0.0,8.636363636363637,0.0,0.0,0.0,0.0
D,DAWIDOWICZ,Verona,5,0,0,0,0,0,0,0,0,0,0,0,0,0,0,Y,0.0,0.0,0.0,0.0,0.0,0.0,0.0,0.0,0.0,0.0,0.0,0.0,0.0,0.0
D,GUNTER,Verona,5,12,5.67,5.62,0,0,0,0,0,0,0,0,1,0,0,N,5.67,5.62,0.0,0.0,1.0,0.0,0.0,0.0,0.0,12.0,0.0,0.0,0.0,0.0
D,RRAHMANI,Verona,5,0,0,0,0,0,0,0,0,0,0,0,0,0,0,Y,0.0,0.0,0.0,0.0,0.0,0.0,0.0,0.0,0.0,0.0,0.0,0.0,0.0,0.0
D,RISPOLI,Lecce,5,0,0,0,0,0,0,0,0,0,0,0,0,0,0,Y,6.126666666666668,6.56,0.0,3.3333333333333335,4.333333333333333,0.0,0.0,0.0,0.0,27.333333333333332,6.0,0.0,0.0,0.0
D,CETIN,Roma,5,0,0,0,0,0,0,0,0,0,0,0,0,0,0,Y,0.0,0.0,0.0,0.0,0.0,0.0,0.0,0.0,0.0,0.0,0.0,0.0,0.0,0.0
C,VALZANIA,Atalanta,5,15,6.03,6.37,2,0,0,0,0,0,1,0,4,0,0,N,6.03,6.37,0.0,1.0,4.0,0.0,0.0,0.0,0.0,15.0,2.0,0.0,0.0,0.0
C,HILJEMARK,Genoa,5,15,5.7,5.9,1,0,0,0,0,0,0,0,0,0,0,N,5.743636363636364,5.947272727272727,1.0,2.5,1.5,0.0,0.0,0.0,0.0,19.09090909090909,1.625,0.0,0.0,0.0
C,JAGIELLO,Genoa,5,0,0,0,0,0,0,0,0,0,0,0,0,0,0,Y,0.0,0.0,0.0,0.0,0.0,0.0,0.0,0.0,0.0,0.0,0.0,0.0,0.0,0.0
C,BERISHA V,Lazio,5,5,6,6,0,0,0,0,0,0,0,0,0,0,0,N,6.0,6.0,0.0,0.0,0.0,0.0,0.0,0.0,0.0,5.0,0.0,0.0,0.0,0.0
C,CATALDI,Lazio,5,11,6.09,6.64,2,0,0,0,0,0,0,1,2,0,0,N,5.871818181818182,6.135454545454545,1.0,2.25,5.2727272727272725,0.0,1.0,0.0,0.0,18.545454545454547,1.4545454545454546,0.0,0.0,0.0
C,MARUSIC,Lazio,5,25,5.8,5.88,1,0,0,0,0,0,1,0,2,1,0,N,5.88625,6.06375,0.0,2.125,2.375,0.0,1.0,0.0,0.0,27.25,1.75,0.0,0.0,0.0
C,MAJER,Lecce,5,0,0,0,0,0,0,0,0,0,0,0,0,0,0,Y,0.0,0.0,0.0,0.0,0.0,0.0,0.0,0.0,0.0,0.0,0.0,0.0,0.0,0.0
C,SHAKHOV,Lecce,5,0,0,0,0,0,0,0,0,0,0,0,0,0,0,Y,0.0,0.0,0.0,0.0,0.0,0.0,0.0,0.0,0.0,0.0,0.0,0.0,0.0,0.0
C,TACHTSIDIS,Lecce,5,0,0,0,0,0,0,0,0,0,0,0,0,0,0,Y,5.896666666666667,6.013333333333333,2.0,2.0,4.0,1.0,0.0,0.0,0.0,24.0,2.0,0.0,0.0,0.0
C,BORINI,Milan,5,19,5.92,6.21,2,0,0,0,0,0,1,0,3,0,0,N,5.88625,6.157500000000001,0.0,1.0,3.375,0.0,0.0,0.0,0.0,20.5,2.0,0.0,0.0,0.0
C,LAXALT,Milan,5,13,5.77,5.69,0,0,0,0,0,0,0,0,2,0,0,N,5.891818181818182,5.986363636363637,1.0,2.3333333333333335,2.6363636363636362,0.0,0.0,0.0,0.0,24.363636363636363,2.3333333333333335,0.0,0.0,0.0
C,BARRETO,Sampdoria,5,11,6.05,6.14,0,0,0,0,0,0,2,0,2,0,0,N,5.89,5.945454545454544,0.0,1.8333333333333333,3.0,0.0,1.0,0.0,0.0,20.454545454545453,1.4,0.0,0.0,0.0
C,THORSBY,Sampdoria,5,0,0,0,0,0,0,0,0,0,0,0,0,0,0,Y,0.0,0.0,0.0,0.0,0.0,0.0,0.0,0.0,0.0,0.0,0.0,0.0,0.0,0.0
C,DJURICIC,Sassuolo,5,22,5.82,6.07,2,0,0,0,0,0,1,0,1,1,0,N,5.879,6.008000000000001,0.0,1.0,1.6,0.0,1.0,0.0,0.0,17.7,2.0,0.0,0.0,0.0
C,MAGNANELLI,Sassuolo,5,23,5.87,5.76,0,0,0,0,0,0,0,0,3,1,0,N,5.893636363636364,5.806363636363637,0.0,0.0,4.909090909090909,0.0,1.375,0.0,0.0,24.272727272727273,1.0,0.0,0.0,0.0
C,BALIC,Udinese,5,0,0,0,0,0,0,0,0,0,0,0,0,0,0,N,5.772,6.0200000000000005,1.0,0.0,1.6,0.0,0.0,0.0,0.0,11.8,1.0,0.0,0.0,0.0
C,BRUGMAN,Parma,5,0,0,0,0,0,0,0,0,0,0,0,0,0,0,Y,5.783333333333334,5.77,0.0,1.0,5.333333333333333,0.0,0.0,0.0,0.0,21.666666666666668,1.0,0.0,0.0,0.0
C,LERIS,Sampdoria,5,22,5.59,5.52,0,0,0,0,0,0,1,0,5,0,0,N,5.55625,5.512499999999999,0.0,1.0,5.0,0.0,0.0,0.0,0.0,14.5,0.0,0.0,0.0,0.0
C,AMRABAT,Verona,5,0,0,0,0,0,0,0,0,0,0,0,0,0,0,Y,0.0,0.0,0.0,0.0,0.0,0.0,0.0,0.0,0.0,0.0,0.0,0.0,0.0,0.0
C,SEMA,Udinese,5,0,0,0,0,0,0,0,0,0,0,0,0,0,0,Y,0.0,0.0,0.0,0.0,0.0,0.0,0.0,0.0,0.0,0.0,0.0,0.0,0.0,0.0
C,MEDEL,Bologna,5,0,0,0,0,0,0,0,0,0,0,0,0,0,0,Y,5.890000000000001,5.81,0.0,1.0,6.666666666666667,0.0,0.0,0.0,0.0,26.666666666666668,1.0,0.0,0.0,0.0
A,CERRI,Cagliari,5,14,5.61,5.5,0,0,0,0,0,0,0,0,3,0,0,N,5.567142857142857,5.62,0.0,0.0,2.4285714285714284,0.0,0.0,0.0,0.0,13.428571428571429,2.0,0.0,0.0,0.0
A,FAVILLI,Genoa,5,5,5.7,5.9,0,0,0,0,0,0,1,0,0,0,0,N,5.7,5.9,0.0,1.0,0.0,0.0,0.0,0.0,0.0,5.0,0.0,0.0,0.0,0.0
A,BONAZZOLI,Sampdoria,5,0,0,0,0,0,0,0,0,0,0,0,0,0,0,Y,5.7325,5.7325,0.0,0.0,0.0,0.0,0.0,0.0,0.0,4.5,0.0,0.0,0.0,0.0
A,MONCINI,SPAL,5,0,0,0,0,0,0,0,0,0,0,0,0,0,0,N,0.0,0.0,0.0,0.0,0.0,0.0,0.0,0.0,0.0,0.0,0.0,0.0,0.0,0.0
A,LEE,Verona,5,0,0,0,0,0,0,0,0,0,0,0,0,0,0,Y,5.71,5.79,0.0,0.0,4.0,0.0,0.0,0.0,0.0,12.0,1.0,0.0,0.0,0.0
P,BUFFON,Juventus,4,0,0,0,0,0,0,0,0,0,0,0,0,0,0,Y,6.101666666666667,5.491666666666666,0.0,0.0,1.0,0.0,0.0,0.0,0.0,26.333333333333332,0.0,17.833333333333332,1.0,0.0
D,RECA,SPAL,4,1,6.5,6.5,0,0,0,0,0,0,0,0,0,0,0,N,6.5,6.5,0.0,0.0,0.0,0.0,0.0,0.0,0.0,1.0,0.0,0.0,0.0,0.0
D,LYKOGIANNIS,Cagliari,4,10,5.5,5.55,0,0,0,0,0,0,0,1,1,0,0,N,5.6875,5.7825,1.0,1.0,1.375,0.0,0.0,0.0,0.0,9.625,0.0,0.0,0.0,0.0
D,PISACANE,Cagliari,4,26,5.83,5.87,1,0,0,0,0,0,1,0,6,0,0,N,5.768000000000001,5.753,0.0,1.0,5.0,0.0,2.0,0.0,0.0,26.0,1.0,0.0,0.0,0.0
D,VENUTI,Fiorentina,4,0,0,0,0,0,0,0,0,0,0,0,0,0,0,N,5.349999999999999,5.25,0.0,1.0,4.0,1.0,0.0,0.0,0.0,30.0,0.0,0.0,0.0,0.0
D,GHIGLIONE,Genoa,4,9,5.83,5.94,1,0,0,0,0,0,0,0,4,0,0,N,5.83,5.94,0.0,0.0,4.0,0.0,0.0,0.0,0.0,9.0,1.0,0.0,0.0,0.0
D,BASTONI,Inter,4,21,5.95,6.05,1,0,0,0,0,0,0,0,2,0,0,N,6.0840000000000005,6.134,0.0,0.0,2.0,0.0,0.0,0.0,0.0,11.7,1.0,0.0,0.0,0.0
D,MECCARIELLO,Lecce,4,0,0,0,0,0,0,0,0,0,0,0,0,0,0,Y,0.0,0.0,0.0,0.0,0.0,0.0,0.0,0.0,0.0,0.0,0.0,0.0,0.0,0.0
D,CALDARA,Milan,4,0,0,0,0,0,0,0,0,0,0,0,0,0,0,N,6.202000000000001,6.542,0.0,0.0,4.6,0.0,0.0,0.0,1.0,26.4,4.6,0.0,0.0,1.0
D,CHIRICHES,Napoli,4,2,6.25,6.25,0,0,0,0,0,0,0,0,0,0,0,N,6.078181818181819,6.162727272727272,0.0,0.0,1.25,0.0,0.0,0.0,0.0,5.909090909090909,1.6666666666666667,0.0,0.0,0.0
D,DERMAKU,Parma,4,0,0,0,0,0,0,0,0,0,0,0,0,0,0,Y,0.0,0.0,0.0,0.0,0.0,0.0,0.0,0.0,0.0,0.0,0.0,0.0,0.0,0.0
D,AUGELLO,Sampdoria,4,0,0,0,0,0,0,0,0,0,0,0,0,0,0,Y,0.0,0.0,0.0,0.0,0.0,0.0,0.0,0.0,0.0,0.0,0.0,0.0,0.0,0.0
D,CHABOT,Sampdoria,4,0,0,0,0,0,0,0,0,0,0,0,0,0,0,Y,0.0,0.0,0.0,0.0,0.0,0.0,0.0,0.0,0.0,0.0,0.0,0.0,0.0,0.0
D,FERRARI A,Sampdoria,4,6,5.67,5.5,0,0,0,0,0,0,0,0,2,0,0,N,5.490909090909091,5.403636363636363,0.0,0.0,3.4444444444444446,0.0,0.0,0.0,0.0,11.363636363636363,1.0,0.0,0.0,0.0
D,SALA,Sampdoria,4,19,5.87,5.79,0,0,0,0,0,0,1,0,5,0,0,N,5.732727272727273,5.630000000000001,1.0,1.0,4.181818181818182,0.0,1.0,0.0,0.0,17.818181818181817,0.0,0.0,0.0,0.0
D,DELL'ORCO,Lecce,4,14,5.89,6.14,1,0,0,0,0,0,1,0,1,0,0,N,5.922,6.047,0.0,1.0,1.0,0.0,0.0,0.0,0.0,10.9,1.0,0.0,0.0,0.0
D,GOLDANIGA,Sassuolo,4,29,5.57,5.6,1,0,0,0,0,0,1,0,6,0,0,N,5.66090909090909,5.671818181818182,0.0,1.0,6.0,1.0,1.6,0.0,0.0,23.181818181818183,1.2727272727272727,0.0,0.0,0.0
D,BREMER,Torino,4,2,5.75,5.5,0,0,0,0,0,0,0,0,1,0,0,N,5.75,5.5,0.0,0.0,1.0,0.0,0.0,0.0,0.0,2.0,0.0,0.0,0.0,0.0
D,NUYTINCK,Udinese,4,27,5.87,5.76,0,0,0,0,0,0,0,0,4,1,0,N,5.911250000000001,5.883749999999999,0.0,1.0,3.25,0.0,1.0,0.0,0.0,27.0,1.0,0.0,0.0,0.0
D,TER AVEST,Udinese,4,13,5.92,6,0,0,0,0,0,0,1,0,0,0,0,N,5.92,6.0,0.0,1.0,0.0,0.0,0.0,0.0,0.0,13.0,0.0,0.0,0.0,0.0
D,EMPEREUR,Verona,4,0,0,0,0,0,0,0,0,0,0,0,0,0,0,Y,0.0,0.0,0.0,0.0,0.0,0.0,0.0,0.0,0.0,0.0,0.0,0.0,0.0,0.0
D,FARAONI,Verona,4,0,0,0,0,0,0,0,0,0,0,0,0,0,0,Y,5.674,5.792,0.0,3.0,2.0,0.0,0.0,0.0,0.0,16.4,2.0,0.0,0.0,0.0
D,VITALE L,Verona,4,0,0,0,0,0,0,0,0,0,0,0,0,0,0,Y,0.0,0.0,0.0,0.0,0.0,0.0,0.0,0.0,0.0,0.0,0.0,0.0,0.0,0.0
D,MULDUR,Sassuolo,4,0,0,0,0,0,0,0,0,0,0,0,0,0,0,Y,0.0,0.0,0.0,0.0,0.0,0.0,0.0,0.0,0.0,0.0,0.0,0.0,0.0,0.0
D,TOMOVIC,SPAL,4,10,5.6,5.85,1,0,0,0,0,0,0,0,1,0,0,N,5.629090909090909,5.653636363636363,0.0,1.0,4.454545454545454,1.0,0.0,0.0,0.0,18.818181818181817,1.0,0.0,0.0,0.0
C,SCHOUTEN,Bologna,4,0,0,0,0,0,0,0,0,0,0,0,0,0,0,Y,0.0,0.0,0.0,0.0,0.0,0.0,0.0,0.0,0.0,0.0,0.0,0.0,0.0,0.0
C,DESSENA,Brescia,4,6,5.67,5.42,0,0,0,0,0,0,0,0,3,0,0,N,5.668000000000001,5.566,0.0,0.0,2.6,0.0,1.0,0.0,0.0,9.2,2.0,0.0,0.0,0.0
C,BRADARIC,Cagliari,4,23,5.65,5.5,0,0,0,0,0,0,1,0,5,0,1,N,5.65,5.5,0.0,1.0,5.0,1.0,0.0,0.0,0.0,23.0,0.0,0.0,0.0,0.0
C,FARAGO',Cagliari,4,24,5.83,5.81,1,0,0,0,0,0,1,0,7,1,0,N,5.892,5.958,0.0,2.5,4.3,0.0,1.0,0.0,0.0,23.3,1.375,0.0,0.0,0.0
C,EYSSERIC,Fiorentina,4,8,5.94,6,0,0,0,0,0,0,1,0,1,0,0,N,5.925000000000001,6.0375,0.0,1.0,1.375,0.0,0.0,0.0,0.0,10.625,1.0,0.0,0.0,0.0
C,KULUSEVSKI,Parma,4,3,5.5,5.5,0,0,0,0,0,0,0,0,0,0,0,N,5.5,5.5,0.0,0.0,0.0,0.0,0.0,0.0,0.0,3.0,0.0,0.0,0.0,0.0
C,SCOZZARELLA,Parma,4,19,5.92,5.87,0,0,0,0,0,0,1,2,8,0,0,N,5.92,5.87,2.0,1.0,8.0,0.0,0.0,0.0,0.0,19.0,0.0,0.0,0.0,0.0
C,GONALONS,Roma,4,0,0,0,0,0,0,0,0,0,0,0,0,0,0,N,5.849999999999999,5.849999999999999,0.0,1.0,2.0,0.0,0.0,0.0,0.0,13.0,0.0,0.0,0.0,0.0
C,VIEIRA,Sampdoria,4,10,5.8,5.7,0,0,0,0,0,0,0,0,3,0,0,N,5.8,5.7,0.0,0.0,3.0,0.0,0.0,0.0,0.0,10.0,0.0,0.0,0.0,0.0
C,VIVIANI,SPAL,4,5,5.4,5.3,0,0,0,0,0,0,0,0,1,0,0,N,5.766363636363637,5.878181818181819,2.25,1.4,3.8181818181818183,0.0,1.0,0.0,1.0,14.636363636363637,2.6666666666666665,0.0,0.0,1.0
C,JAJALO,Udinese,4,0,0,0,0,0,0,0,0,0,0,0,0,0,0,Y,5.48,5.47,1.0,0.0,6.0,0.0,0.0,0.0,0.0,25.333333333333332,1.0,0.0,0.0,0.0
C,DI GAUDIO,Verona,4,11,5.64,5.64,0,0,0,0,0,0,0,0,0,0,0,N,5.715,5.783333333333334,0.0,3.0,2.0,0.0,0.0,0.0,0.0,13.666666666666666,3.0,0.0,0.0,0.0
C,HENDERSON L,Verona,4,0,0,0,0,0,0,0,0,0,0,0,0,0,0,Y,0.0,0.0,0.0,0.0,0.0,0.0,0.0,0.0,0.0,0.0,0.0,0.0,0.0,0.0
C,AGUDELO,Genoa,4,0,0,0,0,0,0,0,0,0,0,0,0,0,0,Y,0.0,0.0,0.0,0.0,0.0,0.0,0.0,0.0,0.0,0.0,0.0,0.0,0.0,0.0
A,HAN,Cagliari,4,0,0,0,0,0,0,0,0,0,0,0,0,0,0,N,5.82,6.220000000000001,0.0,0.0,0.0,0.0,0.0,0.0,0.0,4.2,1.0,0.0,0.0,0.0
A,SOTTIL,Fiorentina,4,0,0,0,0,0,0,0,0,0,0,0,0,0,0,N,0.0,0.0,0.0,0.0,0.0,0.0,0.0,0.0,0.0,0.0,0.0,0.0,0.0,0.0
A,VLAHOVIC,Fiorentina,4,4,5.62,5.62,0,0,0,0,0,0,0,0,0,0,0,N,5.62,5.62,0.0,0.0,0.0,0.0,0.0,0.0,0.0,4.0,0.0,0.0,0.0,0.0
A,PJACA,Juventus,4,15,5.7,5.93,1,0,0,0,0,0,1,0,1,0,0,N,5.7057142857142855,5.855714285714285,0.0,1.0,1.0,0.0,0.0,0.0,0.0,13.285714285714286,1.0,0.0,0.0,0.0
A,MATRI,Sassuolo,4,15,5.7,6.03,2,0,0,0,0,0,0,0,3,0,0,N,5.755454545454545,6.151818181818182,0.0,1.0,1.9090909090909092,0.0,1.0,1.0,2.0,19.0,3.272727272727273,0.0,0.0,3.0
A,EDERA,Torino,4,5,5.5,5.4,0,0,0,0,0,0,0,0,1,0,0,N,5.766249999999999,5.921250000000001,0.0,1.0,1.0,0.0,0.0,0.0,0.0,5.75,1.0,0.0,0.0,0.0
P,OSPINA,Napoli,3,17,6.06,4.88,0,20,0,0,0,0,0,0,0,0,0,N,6.06,4.88,0.0,0.0,0.0,0.0,0.0,0.0,0.0,17.0,0.0,20.0,0.0,0.0
D,GASTALDELLO,Brescia,3,0,0,0,0,0,0,0,0,0,0,0,0,0,0,Y,5.886666666666667,5.699999999999999,0.0,1.0,9.666666666666666,0.0,1.6666666666666667,0.0,0.0,24.666666666666668,1.0,0.0,0.0,0.0
D,WALUKIEWICZ,Cagliari,3,0,0,0,0,0,0,0,0,0,0,0,0,0,0,Y,0.0,0.0,0.0,0.0,0.0,0.0,0.0,0.0,0.0,0.0,0.0,0.0,0.0,0.0
D,EL YAMIQ,Genoa,3,0,0,0,0,0,0,0,0,0,0,0,0,0,0,N,5.62,5.62,0.0,0.0,0.0,0.0,0.0,0.0,0.0,4.0,0.0,0.0,0.0,0.0
D,DALBERT,Fiorentina,3,11,5.73,5.73,0,0,0,0,0,0,1,0,2,0,0,N,5.71125,5.71125,0.0,1.0,2.0,0.0,0.0,0.0,0.0,11.0,0.0,0.0,0.0,0.0
D,DIMARCO,Inter,3,11,6.14,6.23,1,0,0,0,0,0,0,0,4,0,0,N,6.082857142857143,6.1642857142857155,1.0,0.0,3.4285714285714284,0.0,0.0,0.0,0.0,10.428571428571429,1.0,0.0,0.0,0.0
D,RANOCCHIA,Inter,3,2,6,5.75,0,0,0,0,0,0,0,0,1,0,0,N,5.815454545454545,5.728181818181818,0.0,0.0,2.3636363636363638,1.0,1.0,0.0,0.0,5.454545454545454,2.0,0.0,0.0,0.0
D,LUKAKU J,Lazio,3,7,5.79,5.71,0,0,0,0,0,0,0,0,1,0,0,N,5.9590000000000005,5.958,0.0,1.6,1.5,0.0,0.0,0.0,0.0,15.5,1.0,0.0,0.0,0.0
D,WALLACE,Lazio,3,15,5.57,5.2,0,0,0,0,0,0,0,0,3,0,2,N,5.664,5.361,0.0,0.0,3.6,1.5,0.0,0.0,0.0,15.3,1.0,0.0,0.0,0.0
D,LUPERTO,Napoli,3,10,5.65,5.65,0,0,0,0,0,0,0,0,0,0,0,N,5.65,5.65,0.0,0.0,0.0,0.0,0.0,0.0,0.0,10.0,0.0,0.0,0.0,0.0
D,SANTON,Roma,3,13,5.69,5.77,0,0,0,0,0,0,1,0,0,0,0,N,5.632727272727274,5.6499999999999995,0.0,1.0,1.5,0.0,0.0,0.0,0.0,12.636363636363637,0.0,0.0,0.0,0.0
D,ADJAPONG,Verona,3,4,6,6.62,1,0,0,0,0,0,0,0,1,0,0,N,5.912727272727273,6.193636363636364,0.0,1.0,2.6,0.0,1.0,0.0,0.0,7.090909090909091,1.0,0.0,0.0,0.0
D,PELUSO,Sassuolo,3,16,5.62,5.66,1,0,0,0,0,0,0,0,5,0,0,N,5.686363636363637,5.678181818181819,0.0,1.0,8.181818181818182,0.0,0.0,0.0,0.0,24.818181818181817,1.0,0.0,0.0,0.0
D,DICKMANN,SPAL,3,4,5.5,5.38,0,0,0,0,0,0,0,0,1,0,0,N,5.5,5.38,0.0,0.0,1.0,0.0,0.0,0.0,0.0,4.0,0.0,0.0,0.0,0.0
D,SALAMON,SPAL,3,20,5.82,5.75,0,0,0,0,0,0,0,0,3,0,0,N,5.71,5.598999999999999,0.0,0.0,3.2,1.0,0.0,0.0,0.0,18.0,0.0,0.0,0.0,0.0
C,PESSINA,Verona,3,5,6.1,6.3,0,0,0,0,0,0,1,0,0,0,0,N,6.1,6.3,0.0,1.0,0.0,0.0,0.0,0.0,0.0,5.0,0.0,0.0,0.0,0.0
C,KINGSLEY,Bologna,3,0,0,0,0,0,0,0,0,0,0,0,0,0,0,N,0.0,0.0,0.0,0.0,0.0,0.0,0.0,0.0,0.0,0.0,0.0,0.0,0.0,0.0
C,KREJCI,Bologna,3,16,5.59,5.72,0,0,0,0,0,0,3,0,2,0,0,N,5.637,5.754,0.0,4.142857142857143,2.0,0.0,0.0,1.0,0.0,17.4,0.0,0.0,0.0,1.0
C,SVANBERG,Bologna,3,21,5.67,5.71,0,0,0,0,0,0,2,0,2,0,0,N,5.67,5.71,0.0,2.0,2.0,0.0,0.0,0.0,0.0,21.0,0.0,0.0,0.0,0.0
C,OLIVA,Cagliari,3,0,0,0,0,0,0,0,0,0,0,0,0,0,0,N,0.0,0.0,0.0,0.0,0.0,0.0,0.0,0.0,0.0,0.0,0.0,0.0,0.0,0.0
C,CRISTOFORO,Fiorentina,3,0,0,0,0,0,0,0,0,0,0,0,0,0,0,N,5.648000000000001,5.5760000000000005,0.0,0.0,1.0,0.0,0.0,0.0,0.0,7.6,0.0,0.0,0.0,0.0
C,DABO,Fiorentina,3,17,5.79,5.91,1,0,0,0,0,0,1,0,4,0,0,N,5.831250000000001,5.9625,0.0,1.0,2.875,0.0,1.0,0.0,0.0,14.375,1.0,0.0,0.0,0.0
C,BORJA VALERO,Inter,3,23,5.91,5.85,0,0,0,0,0,0,0,0,4,0,0,N,5.986363636363635,6.079090909090909,2.3333333333333335,4.333333333333333,4.0,0.0,0.0,0.0,0.0,28.636363636363637,2.0,0.0,0.0,0.0
C,HAYE,Lecce,3,0,0,0,0,0,0,0,0,0,0,0,0,0,0,Y,0.0,0.0,0.0,0.0,0.0,0.0,0.0,0.0,0.0,0.0,0.0,0.0,0.0,0.0
C,TABANELLI,Lecce,3,0,0,0,0,0,0,0,0,0,0,0,0,0,0,Y,0.0,0.0,0.0,0.0,0.0,0.0,0.0,0.0,0.0,0.0,0.0,0.0,0.0,0.0
C,RIGONI L,Parma,3,22,5.66,5.82,2,0,0,0,0,0,0,0,5,0,0,N,5.786363636363637,5.979090909090909,0.0,1.6,6.363636363636363,0.0,1.0,0.0,0.0,24.09090909090909,2.3636363636363638,0.0,0.0,0.0
C,CAPEZZI,Sampdoria,3,10,5.65,5.3,0,0,0,0,0,0,0,0,3,0,1,N,5.7829999999999995,5.673,0.0,1.0,3.5714285714285716,1.0,1.0,0.0,0.0,10.1,0.0,0.0,0.0,0.0
C,JANKOVIC,SPAL,3,2,6,5.75,0,0,0,0,0,0,0,0,1,0,0,N,6.0,5.75,0.0,0.0,1.0,0.0,0.0,0.0,0.0,2.0,0.0,0.0,0.0,0.0
C,VALDIFIORI,SPAL,3,13,5.88,5.85,0,0,0,0,0,0,0,1,3,0,0,N,5.729090909090909,5.658181818181818,1.0,0.0,2.8181818181818183,0.0,0.0,0.0,0.0,13.272727272727273,0.0,0.0,0.0,0.0
C,GUSTAFSON,Torino,3,0,0,0,0,0,0,0,0,0,0,0,0,0,0,Y,5.8100000000000005,5.7700000000000005,0.0,0.0,1.0,0.0,0.0,0.0,0.0,4.4,0.0,0.0,0.0,0.0
A,DESPODOV,Cagliari,3,3,5.67,5.67,0,0,0,0,0,0,0,0,0,0,0,N,5.67,5.67,0.0,0.0,0.0,0.0,0.0,0.0,0.0,3.0,0.0,0.0,0.0,0.0
A,CERAVOLO,Parma,3,22,5.45,5.57,1,0,0,2,1,1,0,0,1,0,0,N,5.46875,5.54375,0.0,0.0,1.0,0.0,0.0,1.0,1.0,14.125,1.0,0.0,0.0,2.0
A,BRIGNOLA,Sassuolo,3,5,5.8,6.2,1,0,0,0,0,0,0,0,2,0,0,N,5.9275,6.35375,0.0,2.0,3.125,0.0,0.0,0.0,0.0,9.875,1.75,0.0,0.0,0.0
A,RAGUSA,Verona,3,0,0,0,0,0,0,0,0,0,0,0,0,0,0,N,5.779999999999999,5.946,0.0,1.4,5.6,0.0,0.0,0.0,0.0,22.6,4.0,0.0,0.0,0.0
P,RAFAEL,Cagliari,2,0,0,0,0,0,0,0,0,0,0,0,0,0,0,N,6.091666666666666,4.885000000000001,0.0,0.0,1.0,0.0,1.0,0.0,0.0,14.0,0.0,19.166666666666668,3.0,0.0
D,IBANEZ,Atalanta,2,0,0,0,0,0,0,0,0,0,0,0,0,0,0,N,0.0,0.0,0.0,0.0,0.0,0.0,0.0,0.0,0.0,0.0,0.0,0.0,0.0,0.0
D,CURCIO,Brescia,2,0,0,0,0,0,0,0,0,0,0,0,0,0,0,Y,0.0,0.0,0.0,0.0,0.0,0.0,0.0,0.0,0.0,0.0,0.0,0.0,0.0,0.0
D,SEMPRINI,Brescia,2,0,0,0,0,0,0,0,0,0,0,0,0,0,0,Y,0.0,0.0,0.0,0.0,0.0,0.0,0.0,0.0,0.0,0.0,0.0,0.0,0.0,0.0
D,PINNA,Cagliari,2,0,0,0,0,0,0,0,0,0,0,0,0,0,0,Y,0.0,0.0,0.0,0.0,0.0,0.0,0.0,0.0,0.0,0.0,0.0,0.0,0.0,0.0
D,RASMUSSEN,Fiorentina,2,13,5.31,5.27,0,0,0,0,0,0,1,0,3,0,0,N,5.31,5.27,0.0,1.0,3.0,0.0,0.0,0.0,0.0,13.0,0.0,0.0,0.0,0.0
D,DURMISI,Lazio,2,8,5.56,5.31,0,0,0,0,0,0,0,0,4,0,0,N,5.56,5.31,0.0,0.0,4.0,0.0,0.0,0.0,0.0,8.0,0.0,0.0,0.0,0.0
D,JORGE SILVA,Lazio,2,0,0,0,0,0,0,0,0,0,0,0,0,0,0,Y,0.0,0.0,0.0,0.0,0.0,0.0,0.0,0.0,0.0,0.0,0.0,0.0,0.0,0.0
D,PATRIC,Lazio,2,14,5.75,5.71,0,0,0,0,0,0,0,0,1,0,0,N,5.785454545454545,5.747272727272728,0.0,1.0,1.6363636363636365,0.0,1.0,0.0,0.0,12.727272727272727,0.0,0.0,0.0,0.0
D,FIAMOZZI,Lecce,2,0,0,0,0,0,0,0,0,0,0,0,0,0,0,Y,5.546666666666667,5.523333333333333,0.0,0.0,1.0,0.0,0.0,0.0,0.0,3.0,0.0,0.0,0.0,0.0
D,VERA,Lecce,2,0,0,0,0,0,0,0,0,0,0,0,0,0,0,Y,0.0,0.0,0.0,0.0,0.0,0.0,0.0,0.0,0.0,0.0,0.0,0.0,0.0,0.0
D,STRINIC,Milan,2,0,0,0,0,0,0,0,0,0,0,0,0,0,0,N,5.991666666666667,6.04,1.0,1.6,2.4,0.0,0.0,0.0,0.0,12.166666666666666,0.0,0.0,0.0,0.0
D,REGINI,Sampdoria,2,3,6,6,0,0,0,0,0,0,0,0,0,0,0,N,5.844545454545454,5.828181818181819,0.0,4.0,3.0,0.0,0.0,0.0,0.0,12.636363636363637,0.0,0.0,0.0,0.0
D,TRIPALDELLI,Sassuolo,2,0,0,0,0,0,0,0,0,0,0,0,0,0,0,Y,0.0,0.0,0.0,0.0,0.0,0.0,0.0,0.0,0.0,0.0,0.0,0.0,0.0,0.0
D,OPOKU,Udinese,2,11,5.45,5.23,0,0,0,0,0,0,0,0,5,0,0,N,5.45,5.23,0.0,0.0,5.0,0.0,0.0,0.0,0.0,11.0,0.0,0.0,0.0,0.0
D,SIERRALTA,Udinese,2,5,5.5,4.9,0,0,0,0,0,0,0,0,2,0,1,N,5.5,4.9,0.0,0.0,2.0,1.0,0.0,0.0,0.0,5.0,0.0,0.0,0.0,0.0
D,KUMBULLA,Verona,2,0,0,0,0,0,0,0,0,0,0,0,0,0,0,Y,0.0,0.0,0.0,0.0,0.0,0.0,0.0,0.0,0.0,0.0,0.0,0.0,0.0,0.0
C,DEIOLA,Cagliari,2,17,5.74,5.65,0,0,0,0,0,0,1,0,5,0,0,N,5.786,5.625,0.0,1.0,3.8,0.0,0.0,0.0,0.0,11.8,0.0,0.0,0.0,0.0
C,CASSATA,Genoa,2,18,5.83,6,2,0,0,0,0,0,2,0,8,1,0,N,5.8149999999999995,5.97375,0.0,2.0,6.125,0.0,1.0,0.0,0.0,13.875,1.625,0.0,0.0,0.0
C,SANDRO,Genoa,2,21,5.64,5.43,0,0,0,0,0,0,1,0,8,0,1,N,5.81625,5.71125,0.0,1.0,6.5,1.0,0.0,0.0,0.0,18.375,1.0,0.0,0.0,0.0
C,ANDERSON A,Lazio,2,0,0,0,0,0,0,0,0,0,0,0,0,0,0,Y,0.0,0.0,0.0,0.0,0.0,0.0,0.0,0.0,0.0,0.0,0.0,0.0,0.0,0.0
C,MAZZITELLI,Sassuolo,2,9,5.72,5.56,0,0,0,0,0,0,0,0,3,0,0,N,5.775999999999999,5.6899999999999995,0.0,1.4,4.3,0.0,0.0,0.0,0.0,12.8,1.0,0.0,0.0,0.0
C,PARIGINI,Torino,2,12,5.75,5.67,0,0,0,0,0,0,0,0,2,0,0,N,5.782,5.726999999999999,0.0,0.0,2.0,0.0,0.0,0.0,0.0,11.6,0.0,0.0,0.0,0.0
C,DANZI,Verona,2,0,0,0,0,0,0,0,0,0,0,0,0,0,0,Y,5.400000000000001,5.3,0.0,0.0,1.0,0.0,0.0,0.0,0.0,5.0,0.0,0.0,0.0,0.0
A,RAGATZU,Cagliari,2,0,0,0,0,0,0,0,0,0,0,0,0,0,0,Y,0.0,0.0,0.0,0.0,0.0,0.0,0.0,0.0,0.0,0.0,0.0,0.0,0.0,0.0
A,LO FASO,Lecce,2,0,0,0,0,0,0,0,0,0,0,0,0,0,0,Y,5.868,5.868,0.0,0.0,0.0,0.0,0.0,0.0,0.0,3.6,0.0,0.0,0.0,0.0
A,TUTINO,Verona,2,0,0,0,0,0,0,0,0,0,0,0,0,0,0,Y,0.0,0.0,0.0,0.0,0.0,0.0,0.0,0.0,0.0,0.0,0.0,0.0,0.0,0.0
A,ANTONUCCI,Roma,2,0,0,0,0,0,0,0,0,0,0,0,0,0,0,Y,6.0,6.5,0.0,1.0,0.0,0.0,0.0,0.0,0.0,2.0,0.0,0.0,0.0,0.0
P,ROSSI F,Atalanta,1,0,0,0,0,0,0,0,0,0,0,0,0,0,0,N,5.5,4.5,0.0,0.0,0.0,0.0,0.0,0.0,0.0,1.0,0.0,1.0,0.0,0.0
P,SPORTIELLO,Atalanta,1,35,6.11,4.21,0,64,0,0,0,0,0,0,5,0,0,N,6.025454545454545,4.472727272727273,0.0,0.0,3.625,0.0,1.0,0.0,0.0,31.09090909090909,0.0,46.63636363636363,1.5,0.0
P,DA COSTA,Bologna,1,0,0,0,0,0,0,0,0,0,0,0,0,0,0,N,6.23,4.956666666666667,0.0,0.0,1.0,0.0,0.0,0.0,0.0,8.833333333333334,0.0,11.833333333333334,0.0,0.0
P,SARR M,Bologna,1,0,0,0,0,0,0,0,0,0,0,0,0,0,0,Y,0.0,0.0,0.0,0.0,0.0,0.0,0.0,0.0,0.0,0.0,0.0,0.0,0.0,0.0
P,ALFONSO,Brescia,1,0,0,0,0,0,0,0,0,0,0,0,0,0,0,Y,0.0,0.0,0.0,0.0,0.0,0.0,0.0,0.0,0.0,0.0,0.0,0.0,0.0,0.0
P,ANDRENACCI,Brescia,1,0,0,0,0,0,0,0,0,0,0,0,0,0,0,Y,0.0,0.0,0.0,0.0,0.0,0.0,0.0,0.0,0.0,0.0,0.0,0.0,0.0,0.0
P,ARESTI,Cagliari,1,0,0,0,0,0,0,0,0,0,0,0,0,0,0,N,0.0,0.0,0.0,0.0,0.0,0.0,0.0,0.0,0.0,0.0,0.0,0.0,0.0,0.0
P,BRANCOLINI,Fiorentina,1,0,0,0,0,0,0,0,0,0,0,0,0,0,0,N,0.0,0.0,0.0,0.0,0.0,0.0,0.0,0.0,0.0,0.0,0.0,0.0,0.0,0.0
P,CEROFOLINI,Fiorentina,1,0,0,0,0,0,0,0,0,0,0,0,0,0,0,Y,0.0,0.0,0.0,0.0,0.0,0.0,0.0,0.0,0.0,0.0,0.0,0.0,0.0,0.0
P,TERRACCIANO,Fiorentina,1,10,6.35,5.05,0,13,0,0,0,0,0,0,0,0,0,N,6.35,5.05,0.0,0.0,0.0,0.0,0.0,0.0,0.0,10.0,0.0,13.0,0.0,0.0
P,JANDREI,Genoa,1,1,6.5,5.5,0,1,0,0,0,0,0,0,0,0,0,N,6.5,5.5,0.0,0.0,0.0,0.0,0.0,0.0,0.0,1.0,0.0,1.0,0.0,0.0
P,MARCHETTI,Genoa,1,4,5.75,3.12,0,10,0,0,0,0,0,0,1,0,0,N,5.91875,3.8975,0.0,0.0,1.0,0.0,0.0,0.0,0.0,10.375,0.0,16.625,2.0,0.0
P,VODISEK,Genoa,1,0,0,0,0,0,0,0,0,0,0,0,0,0,0,N,0.0,0.0,0.0,0.0,0.0,0.0,0.0,0.0,0.0,0.0,0.0,0.0,0.0,0.0
P,BERNI,Inter,1,0,0,0,0,0,0,0,0,0,0,0,0,0,0,N,0.0,0.0,0.0,0.0,0.0,0.0,0.0,0.0,0.0,0.0,0.0,0.0,0.0,0.0
P,PADELLI,Inter,1,0,0,0,0,0,0,0,0,0,0,0,0,0,0,N,6.010000000000001,4.166666666666667,0.0,0.0,3.0,1.0,0.0,0.0,0.0,13.0,0.0,19.333333333333332,0.0,0.0
P,PERIN,Juventus,1,9,5.89,4.94,0,8,0,0,0,0,0,0,1,0,0,N,6.085454545454545,5.038181818181818,0.0,0.0,1.0909090909090908,0.0,1.0,0.0,0.0,19.363636363636363,0.0,21.272727272727273,1.0,0.0
P,PINSOGLIO,Juventus,1,1,5.5,3.5,0,2,0,0,0,0,0,0,0,0,0,N,5.6875,4.0625,0.0,0.0,0.0,0.0,0.0,0.0,0.0,1.0,0.0,1.625,0.0,0.0
P,GUERRIERI,Lazio,1,1,5.5,2.5,0,3,0,0,0,0,0,0,0,0,0,N,5.5,2.5,0.0,0.0,0.0,0.0,0.0,0.0,0.0,1.0,0.0,3.0,0.0,0.0
P,PROTO,Lazio,1,2,6,3.75,0,4,0,0,0,0,0,0,1,0,0,N,6.0,3.75,0.0,0.0,1.0,0.0,0.0,0.0,0.0,2.0,0.0,4.0,0.0,0.0
P,BLEVE,Lecce,1,0,0,0,0,0,0,0,0,0,0,0,0,0,0,Y,0.0,0.0,0.0,0.0,0.0,0.0,0.0,0.0,0.0,0.0,0.0,0.0,0.0,0.0
P,MILLI,Lecce,1,0,0,0,0,0,0,0,0,0,0,0,0,0,0,Y,0.0,0.0,0.0,0.0,0.0,0.0,0.0,0.0,0.0,0.0,0.0,0.0,0.0,0.0
P,VIGORITO,Lecce,1,0,0,0,0,0,0,0,0,0,0,0,0,0,0,Y,0.0,0.0,0.0,0.0,0.0,0.0,0.0,0.0,0.0,0.0,0.0,0.0,0.0,0.0
P,DONNARUMMA AN,Milan,1,0,0,0,0,0,0,0,0,0,0,0,0,0,0,N,0.0,0.0,0.0,0.0,0.0,0.0,0.0,0.0,0.0,0.0,0.0,0.0,0.0,0.0
P,REINA,Milan,1,4,6.38,5.12,0,5,0,0,0,0,0,0,0,0,0,N,6.221818181818182,5.1854545454545455,0.0,0.0,1.0,0.0,0.0,0.0,0.0,22.0,0.0,19.727272727272727,1.0,0.0
P,KARNEZIS,Napoli,1,9,6.11,5.33,0,7,0,0,0,0,0,0,0,0,0,N,6.115,5.0875,0.0,0.0,3.0,0.0,0.0,0.0,0.0,18.625,0.0,23.125,1.0,0.0
P,COLOMBI,Parma,1,0,0,0,0,0,0,0,0,0,0,0,0,0,0,Y,6.25,5.25,0.0,0.0,0.0,0.0,0.0,0.0,0.0,2.0,0.0,2.0,0.0,0.0
P,FUZATO,Roma,1,0,0,0,0,0,0,0,0,0,0,0,0,0,0,N,0.0,0.0,0.0,0.0,0.0,0.0,0.0,0.0,0.0,0.0,0.0,0.0,0.0,0.0
P,MIRANTE,Roma,1,11,6.55,6.27,0,6,1,0,0,0,0,0,0,0,0,N,6.368181818181818,5.465454545454545,0.0,0.0,4.25,1.0,0.0,0.0,0.0,20.818181818181817,0.0,24.818181818181817,1.0,0.0
P,OLSEN,Roma,1,27,6,4.41,0,42,0,0,0,0,0,0,2,0,0,N,6.0,4.41,0.0,0.0,2.0,0.0,0.0,0.0,0.0,27.0,0.0,42.0,0.0,0.0
P,FALCONE,Sampdoria,1,0,0,0,0,0,0,0,0,0,0,0,0,0,0,N,0.0,0.0,0.0,0.0,0.0,0.0,0.0,0.0,0.0,0.0,0.0,0.0,0.0,0.0
P,PEGOLO,Sassuolo,1,3,6,4.5,0,4,0,0,0,0,0,0,1,0,0,N,5.795454545454546,4.388888888888889,0.0,0.0,1.0,1.0,0.0,0.0,0.0,2.272727272727273,0.0,3.1818181818181817,0.0,0.0
P,THIAM D,SPAL,1,0,0,0,0,0,0,0,0,0,0,0,0,0,0,Y,0.0,0.0,0.0,0.0,0.0,0.0,0.0,0.0,0.0,0.0,0.0,0.0,0.0,0.0
P,ROSATI,Torino,1,0,0,0,0,0,0,0,0,0,0,0,0,0,0,N,0.0,0.0,0.0,0.0,0.0,0.0,0.0,0.0,0.0,0.0,0.0,0.0,0.0,0.0
P,ZACCAGNO,Torino,1,0,0,0,0,0,0,0,0,0,0,0,0,0,0,Y,0.0,0.0,0.0,0.0,0.0,0.0,0.0,0.0,0.0,0.0,0.0,0.0,0.0,0.0
P,NICOLAS,Udinese,1,0,0,0,0,0,0,0,0,0,0,0,0,0,0,N,6.04,4.18,0.0,0.0,2.0,0.0,1.0,0.0,0.0,36.0,0.0,71.0,2.0,0.0
P,PERISAN,Udinese,1,0,0,0,0,0,0,0,0,0,0,0,0,0,0,N,0.0,0.0,0.0,0.0,0.0,0.0,0.0,0.0,0.0,0.0,0.0,0.0,0.0,0.0
P,BERARDI A,Verona,1,0,0,0,0,0,0,0,0,0,0,0,0,0,0,Y,0.0,0.0,0.0,0.0,0.0,0.0,0.0,0.0,0.0,0.0,0.0,0.0,0.0,0.0
P,BORGHETTO,Verona,1,0,0,0,0,0,0,0,0,0,0,0,0,0,0,Y,0.0,0.0,0.0,0.0,0.0,0.0,0.0,0.0,0.0,0.0,0.0,0.0,0.0,0.0
P,RADUNOVIC,Verona,1,0,0,0,0,0,0,0,0,0,0,0,0,0,0,Y,6.5,5.5,0.0,0.0,0.0,0.0,0.0,0.0,0.0,1.0,0.0,1.0,0.0,0.0
P,ALASTRA,Parma,1,0,0,0,0,0,0,0,0,0,0,0,0,0,0,Y,6.25,3.25,0.0,0.0,0.0,0.0,0.0,0.0,0.0,2.0,0.0,6.0,0.0,0.0
P,RUSSO A,Sassuolo,1,0,0,0,0,0,0,0,0,0,0,0,0,0,0,Y,0.0,0.0,0.0,0.0,0.0,0.0,0.0,0.0,0.0,0.0,0.0,0.0,0.0,0.0
P,LETICA,SPAL,1,0,0,0,0,0,0,0,0,0,0,0,0,0,0,Y,0.0,0.0,0.0,0.0,0.0,0.0,0.0,0.0,0.0,0.0,0.0,0.0,0.0,0.0
P,AVOGADRI,Sampdoria,1,0,0,0,0,0,0,0,0,0,0,0,0,0,0,Y,0.0,0.0,0.0,0.0,0.0,0.0,0.0,0.0,0.0,0.0,0.0,0.0,0.0,0.0
P,GEMELLO,Torino,1,0,0,0,0,0,0,0,0,0,0,0,0,0,0,Y,0.0,0.0,0.0,0.0,0.0,0.0,0.0,0.0,0.0,0.0,0.0,0.0,0.0,0.0
D,OKOLI,Atalanta,1,0,0,0,0,0,0,0,0,0,0,0,0,0,0,Y,0.0,0.0,0.0,0.0,0.0,0.0,0.0,0.0,0.0,0.0,0.0,0.0,0.0,0.0
D,CORBO,Bologna,1,0,0,0,0,0,0,0,0,0,0,0,0,0,0,N,0.0,0.0,0.0,0.0,0.0,0.0,0.0,0.0,0.0,0.0,0.0,0.0,0.0,0.0
D,PAZ,Bologna,1,2,5.5,5.25,0,0,0,0,0,0,0,0,1,0,0,N,5.5,5.25,0.0,0.0,1.0,0.0,0.0,0.0,0.0,2.0,0.0,0.0,0.0,0.0
D,MANGRAVITI,Brescia,1,0,0,0,0,0,0,0,0,0,0,0,0,0,0,Y,0.0,0.0,0.0,0.0,0.0,0.0,0.0,0.0,0.0,0.0,0.0,0.0,0.0,0.0
D,RANIERI L,Fiorentina,1,0,0,0,0,0,0,0,0,0,0,0,0,0,0,Y,0.0,0.0,0.0,0.0,0.0,0.0,0.0,0.0,0.0,0.0,0.0,0.0,0.0,0.0
D,TERZIC,Fiorentina,1,0,0,0,0,0,0,0,0,0,0,0,0,0,0,Y,0.0,0.0,0.0,0.0,0.0,0.0,0.0,0.0,0.0,0.0,0.0,0.0,0.0,0.0
D,RIZZO N,Genoa,1,0,0,0,0,0,0,0,0,0,0,0,0,0,0,Y,0.0,0.0,0.0,0.0,0.0,0.0,0.0,0.0,0.0,0.0,0.0,0.0,0.0,0.0
D,GALLO,Lecce,1,0,0,0,0,0,0,0,0,0,0,0,0,0,0,Y,0.0,0.0,0.0,0.0,0.0,0.0,0.0,0.0,0.0,0.0,0.0,0.0,0.0,0.0
D,RICCARDI D,Lecce,1,0,0,0,0,0,0,0,0,0,0,0,0,0,0,Y,0.0,0.0,0.0,0.0,0.0,0.0,0.0,0.0,0.0,0.0,0.0,0.0,0.0,0.0
D,GABBIA,Milan,1,0,0,0,0,0,0,0,0,0,0,0,0,0,0,Y,0.0,0.0,0.0,0.0,0.0,0.0,0.0,0.0,0.0,0.0,0.0,0.0,0.0,0.0
D,MINELLI,Parma,1,0,0,0,0,0,0,0,0,0,0,0,0,0,0,Y,0.0,0.0,0.0,0.0,0.0,0.0,0.0,0.0,0.0,0.0,0.0,0.0,0.0,0.0
D,BIANDA,Roma,1,0,0,0,0,0,0,0,0,0,0,0,0,0,0,N,0.0,0.0,0.0,0.0,0.0,0.0,0.0,0.0,0.0,0.0,0.0,0.0,0.0,0.0
D,BOUAH,Roma,1,0,0,0,0,0,0,0,0,0,0,0,0,0,0,Y,0.0,0.0,0.0,0.0,0.0,0.0,0.0,0.0,0.0,0.0,0.0,0.0,0.0,0.0
D,BUONGIORNO,Torino,1,0,0,0,0,0,0,0,0,0,0,0,0,0,0,Y,0.0,0.0,0.0,0.0,0.0,0.0,0.0,0.0,0.0,0.0,0.0,0.0,0.0,0.0
D,GILLI,Torino,1,0,0,0,0,0,0,0,0,0,0,0,0,0,0,Y,0.0,0.0,0.0,0.0,0.0,0.0,0.0,0.0,0.0,0.0,0.0,0.0,0.0,0.0
D,CRESCENZI,Verona,1,0,0,0,0,0,0,0,0,0,0,0,0,0,0,Y,5.45,5.53,0.0,2.0,1.0,0.0,0.0,0.0,0.0,19.0,0.0,0.0,0.0,0.0
D,CIPRIANO,Lazio,1,0,0,0,0,0,0,0,0,0,0,0,0,0,0,Y,0.0,0.0,0.0,0.0,0.0,0.0,0.0,0.0,0.0,0.0,0.0,0.0,0.0,0.0
C,COLLEY E,Atalanta,1,0,0,0,0,0,0,0,0,0,0,0,0,0,0,Y,0.0,0.0,0.0,0.0,0.0,0.0,0.0,0.0,0.0,0.0,0.0,0.0,0.0,0.0
C,TREMOLADA,Brescia,1,0,0,0,0,0,0,0,0,0,0,0,0,0,0,Y,0.0,0.0,0.0,0.0,0.0,0.0,0.0,0.0,0.0,0.0,0.0,0.0,0.0,0.0
C,VIVIANI M,Brescia,1,0,0,0,0,0,0,0,0,0,0,0,0,0,0,Y,0.0,0.0,0.0,0.0,0.0,0.0,0.0,0.0,0.0,0.0,0.0,0.0,0.0,0.0
C,COLOMBATTO,Cagliari,1,0,0,0,0,0,0,0,0,0,0,0,0,0,0,N,0.0,0.0,0.0,0.0,0.0,0.0,0.0,0.0,0.0,0.0,0.0,0.0,0.0,0.0
C,MONTIEL,Fiorentina,1,0,0,0,0,0,0,0,0,0,0,0,0,0,0,N,0.0,0.0,0.0,0.0,0.0,0.0,0.0,0.0,0.0,0.0,0.0,0.0,0.0,0.0
C,ROVELLA,Genoa,1,0,0,0,0,0,0,0,0,0,0,0,0,0,0,Y,0.0,0.0,0.0,0.0,0.0,0.0,0.0,0.0,0.0,0.0,0.0,0.0,0.0,0.0
C,ZENNARO,Genoa,1,0,0,0,0,0,0,0,0,0,0,0,0,0,0,Y,0.0,0.0,0.0,0.0,0.0,0.0,0.0,0.0,0.0,0.0,0.0,0.0,0.0,0.0
C,AGOUME,Inter,1,0,0,0,0,0,0,0,0,0,0,0,0,0,0,Y,0.0,0.0,0.0,0.0,0.0,0.0,0.0,0.0,0.0,0.0,0.0,0.0,0.0,0.0
C,FAGIOLI,Juventus,1,0,0,0,0,0,0,0,0,0,0,0,0,0,0,Y,0.0,0.0,0.0,0.0,0.0,0.0,0.0,0.0,0.0,0.0,0.0,0.0,0.0,0.0
C,NICOLUSSI CAVIGLIA,Juventus,1,2,6,6,0,0,0,0,0,0,0,0,0,0,0,N,6.0,6.0,0.0,0.0,0.0,0.0,0.0,0.0,0.0,2.0,0.0,0.0,0.0,0.0
C,PORTANOVA,Juventus,1,1,6,5.5,0,0,0,0,0,0,0,0,1,0,0,N,6.0,5.5,0.0,0.0,1.0,0.0,0.0,0.0,0.0,1.0,0.0,0.0,0.0,0.0
C,CICIRETTI,Napoli,1,5,5.6,5.6,0,0,0,0,0,0,0,0,0,0,0,N,5.765000000000001,5.952500000000001,0.0,0.0,0.0,0.0,0.0,0.0,0.0,7.625,2.0,0.0,0.0,0.0
C,GAETANO,Napoli,1,0,0,0,0,0,0,0,0,0,0,0,0,0,0,N,0.0,0.0,0.0,0.0,0.0,0.0,0.0,0.0,0.0,0.0,0.0,0.0,0.0,0.0
C,MACHIN,Parma,1,2,5.75,6.25,0,0,0,0,0,0,1,0,0,0,0,N,5.75,6.25,0.0,1.0,0.0,0.0,0.0,0.0,0.0,2.0,0.0,0.0,0.0,0.0
C,RICCARDI,Roma,1,0,0,0,0,0,0,0,0,0,0,0,0,0,0,N,0.0,0.0,0.0,0.0,0.0,0.0,0.0,0.0,0.0,0.0,0.0,0.0,0.0,0.0
C,STREFEZZA,SPAL,1,0,0,0,0,0,0,0,0,0,0,0,0,0,0,Y,0.0,0.0,0.0,0.0,0.0,0.0,0.0,0.0,0.0,0.0,0.0,0.0,0.0,0.0
C,DE ANGELIS,Torino,1,0,0,0,0,0,0,0,0,0,0,0,0,0,0,Y,0.0,0.0,0.0,0.0,0.0,0.0,0.0,0.0,0.0,0.0,0.0,0.0,0.0,0.0
C,COULIBALY,Udinese,1,0,0,0,0,0,0,0,0,0,0,0,0,0,0,N,5.44,5.19,0.0,0.0,4.0,0.0,0.0,0.0,0.0,8.0,0.0,0.0,0.0,0.0
C,INGELSSON,Udinese,1,3,5.17,5.17,0,0,0,0,0,0,0,0,0,0,0,N,5.36875,5.59375,0.0,0.0,0.0,0.0,0.0,0.0,0.0,3.75,1.0,0.0,0.0,0.0
C,LUCAS FELIPPE,Verona,1,0,0,0,0,0,0,0,0,0,0,0,0,0,0,Y,0.0,0.0,0.0,0.0,0.0,0.0,0.0,0.0,0.0,0.0,0.0,0.0,0.0,0.0
A,CAMBIAGHI,Atalanta,1,0,0,0,0,0,0,0,0,0,0,0,0,0,0,Y,0.0,0.0,0.0,0.0,0.0,0.0,0.0,0.0,0.0,0.0,0.0,0.0,0.0,0.0
A,PICCOLI,Atalanta,1,1,5.5,5.5,0,0,0,0,0,0,0,0,0,0,0,N,5.5,5.5,0.0,0.0,0.0,0.0,0.0,0.0,0.0,1.0,0.0,0.0,0.0,0.0
A,JUWARA,Bologna,1,0,0,0,0,0,0,0,0,0,0,0,0,0,0,N,0.0,0.0,0.0,0.0,0.0,0.0,0.0,0.0,0.0,0.0,0.0,0.0,0.0,0.0
A,THEREAU,Fiorentina,1,4,5.75,5.75,0,0,0,0,0,0,0,0,1,0,0,N,5.870909090909091,6.450909090909092,0.0,2.3333333333333335,1.7272727272727273,0.0,1.0,2.8,1.0,16.454545454545453,7.0,0.0,0.0,3.2
A,ESPOSITO SE,Inter,1,0,0,0,0,0,0,0,0,0,0,0,0,0,0,Y,0.0,0.0,0.0,0.0,0.0,0.0,0.0,0.0,0.0,0.0,0.0,0.0,0.0,0.0
A,SALCEDO E,Inter,1,0,0,0,0,0,0,0,0,0,0,0,0,0,0,N,6.0,6.0,0.0,0.0,0.0,0.0,0.0,0.0,0.0,1.0,0.0,0.0,0.0,0.0
A,ADORANTE,Parma,1,0,0,0,0,0,0,0,0,0,0,0,0,0,0,Y,0.0,0.0,0.0,0.0,0.0,0.0,0.0,0.0,0.0,0.0,0.0,0.0,0.0,0.0
A,CANGIANO,Bologna,1,0,0,0,0,0,0,0,0,0,0,0,0,0,0,Y,0.0,0.0,0.0,0.0,0.0,0.0,0.0,0.0,0.0,0.0,0.0,0.0,0.0,0.0
A,BAHLOULI,Sampdoria,1,0,0,0,0,0,0,0,0,0,0,0,0,0,0,Y,0.0,0.0,0.0,0.0,0.0,0.0,0.0,0.0,0.0,0.0,0.0,0.0,0.0,0.0
A,RASPADORI,Sassuolo,1,0,0,0,0,0,0,0,0,0,0,0,0,0,0,N,0.0,0.0,0.0,0.0,0.0,0.0,0.0,0.0,0.0,0.0,0.0,0.0,0.0,0.0
A,MILLICO,Torino,1,0,0,0,0,0,0,0,0,0,0,0,0,0,0,N,0.0,0.0,0.0,0.0,0.0,0.0,0.0,0.0,0.0,0.0,0.0,0.0,0.0,0.0
A,RAUTI,Torino,1,0,0,0,0,0,0,0,0,0,0,0,0,0,0,Y,0.0,0.0,0.0,0.0,0.0,0.0,0.0,0.0,0.0,0.0,0.0,0.0,0.0,0.0
A,MICIN,Udinese,1,0,0,0,0,0,0,0,0,0,0,0,0,0,0,N,0.0,0.0,0.0,0.0,0.0,0.0,0.0,0.0,0.0,0.0,0.0,0.0,0.0,0.0
A,TUPTA,Verona,1,0,0,0,0,0,0,0,0,0,0,0,0,0,0,Y,5.75,5.75,0.0,0.0,0.0,0.0,0.0,0.0,0.0,2.0,0.0,0.0,0.0,0.0
